Key,English,Spanish
PROPMOVER_TXT_000002,Male,Masculino
PROPMOVER_TXT_000004,Female,Femenino
PROPMOVER_TXT_000006,Small Aibatt,Aibatt Pequeño
PROPMOVER_TXT_000008,Aibatt,Aibatt
PROPMOVER_TXT_000010,Captain Aibatt,Aibatt Capitán
PROPMOVER_TXT_000012,Giant Aibatt,Aibatt Gigante
PROPMOVER_TXT_000014,Small Mushpang,Mushpang Pequeño
PROPMOVER_TXT_000016,Mushpang,Mushpang
PROPMOVER_TXT_000018,Captain Mushpang,Mushpang Capitán
PROPMOVER_TXT_000020,Giant Mushpang,Mushpang Gigante
PROPMOVER_TXT_000022,Small Burudeng,Burudeng Pequeño
PROPMOVER_TXT_000024,Burudeng,Burudeng
PROPMOVER_TXT_000026,Captain Burudeng,Burudeng Capitán
PROPMOVER_TXT_000028,Giant Burudeng,Burudeng Gigante
PROPMOVER_TXT_000030,Small Pukepuke,Pukepuke Pequeño
PROPMOVER_TXT_000032,Pukepuke,Pukepuke
PROPMOVER_TXT_000034,Captain Pukepuke,Pukepuke Capitán
PROPMOVER_TXT_000036,Giant Pukepuke,Pukepuke Gigante
PROPMOVER_TXT_000038,Small Peakyturtle,Peakyturtle Pequeño
PROPMOVER_TXT_000040,Peakyturtle,Peakyturtle
PROPMOVER_TXT_000042,Captain Peakyturtle,Peakyturtle Capitán
PROPMOVER_TXT_000044,Giant Peakyturtle,Peakyturtle Gigante
PROPMOVER_TXT_000046,Urchin Demian,Demian Descarado
PROPMOVER_TXT_000048,Demian,Demian
PROPMOVER_TXT_000050,Bad Demian,Demian Malvado
PROPMOVER_TXT_000052,Giant Demian,Demian Gigante
PROPMOVER_TXT_000054,Small Doridoma,Doridoma Pequeño
PROPMOVER_TXT_000056,Doridoma,Doridoma
PROPMOVER_TXT_000058,Captain Doridoma,Doridoma Capitán
PROPMOVER_TXT_000060,Giant Doridoma,Doridoma Gigante
PROPMOVER_TXT_000062,Young Lawolf,Lawolf Joven
PROPMOVER_TXT_000064,Lawolf,Lawolf
PROPMOVER_TXT_000066,Grownup Lawolf,Lawolf Adulto
PROPMOVER_TXT_000068,Giant Lawolf,Lawolf Gigante
PROPMOVER_TXT_000070,1st Class Fefern,Fefern 1ra Clase
PROPMOVER_TXT_000072,Fefern,Fefern
PROPMOVER_TXT_000074,2nd Class Fefern,Fefern 2da Clase
PROPMOVER_TXT_000076,Giant Fefern,Fefern Gigante
PROPMOVER_TXT_000078,Cute Nyangnyang,Nyangnyang Linda
PROPMOVER_TXT_000080,Nyangnyang,Nyangnyang
PROPMOVER_TXT_000082,Creep Nyangnyang,Nyangnyang Rastrera
PROPMOVER_TXT_000084,Giant Nyangnyang,Nyangnyang Gigante
PROPMOVER_TXT_000086,Bang,Bang
PROPMOVER_TXT_000088,Captain Bang,Bang Capitán
PROPMOVER_TXT_000090,Boss Bang,Bang Jefe
PROPMOVER_TXT_000092,Giant Bang,Bang Gigante
PROPMOVER_TXT_000094,Small Wagsaac,Wagsaac Pequeño
PROPMOVER_TXT_000096,Wagsaac,Wagsaac
PROPMOVER_TXT_000098,Captain Wagsaac,Wagsaac Capitán
PROPMOVER_TXT_000100,Giant Wagsaac,Wagsaac Gigante
PROPMOVER_TXT_000102,Small Mia,Mia Pequeña
PROPMOVER_TXT_000104,Mia,Mia
PROPMOVER_TXT_000106,Captain Mia,Mia Capitana
PROPMOVER_TXT_000108,Giant Mia,Mia Gigante
PROPMOVER_TXT_000110,Stale Mr. Pumpkin,Mr. Pumpkin Rancio
PROPMOVER_TXT_000112,Mr. Pumpkin,Mr. Pumpkin
PROPMOVER_TXT_000114,Rotten Mr Pumpkin,Mr. Pumpkin Podrido
PROPMOVER_TXT_000116,Giant Mr. Pumpkin,Mr. Pumpkin Gigante
PROPMOVER_TXT_000118,Red Mantis C,Red Mantis C
PROPMOVER_TXT_000120,Red Mantis B,Red Mantis B
PROPMOVER_TXT_000122,Red Mantis A,Red Mantis A
PROPMOVER_TXT_000124,Giant Red Mantis,Red Mantis Gigante
PROPMOVER_TXT_000126,Small Jack the Hammer,Jack the Hammer Pequeño
PROPMOVER_TXT_000128,Jack the Hammer,Jack the Hammer
PROPMOVER_TXT_000130,Captain Jack the Hammer,Jack the Hammer Capitán
PROPMOVER_TXT_000132,Giant Jack the Hammer,Jack the Hammer Gigante
PROPMOVER_TXT_000134,Small Giggle Box,Giggle Box Pequeño
PROPMOVER_TXT_000136,Giggle Box,Giggle Box
PROPMOVER_TXT_000138,Captain Giggle Box,Giggle Box Capitán
PROPMOVER_TXT_000140,Giant Giggle Box,Giggle Box Gigante
PROPMOVER_TXT_000142,Small Rock Muscle,Rock Muscle Pequeño
PROPMOVER_TXT_000144,Rock Muscle,Rock Muscle
PROPMOVER_TXT_000146,Captain Rock Muscle,Rock Muscle Capitán
PROPMOVER_TXT_000148,Giant Rock Muscle,Rock Muscle Gigante
PROPMOVER_TXT_000150,Small Hobo,Hobo Pequeño
PROPMOVER_TXT_000152,Hobo,Hobo
PROPMOVER_TXT_000154,Captain Hobo,Hobo Capitán
PROPMOVER_TXT_000156,Giant Hobo,Hobo Gigante
PROPMOVER_TXT_000158,Small Dumb Bull,Dumb Bull Pequeño
PROPMOVER_TXT_000160,Dumb Bull,Dumb Bull
PROPMOVER_TXT_000162,Captain Dumb Bull,Dumb Bull Capitán
PROPMOVER_TXT_000164,Giant Dumb Bull,Dumb Bull Gigante
PROPMOVER_TXT_000166,Small Totemia,Totemia Pequeño
PROPMOVER_TXT_000168,Totemia,Totemia
PROPMOVER_TXT_000170,Captain Totemia,Totemia Capitán
PROPMOVER_TXT_000172,Giant Totemia,Totemia Gigante
PROPMOVER_TXT_000174,Maid Cardpuppet,Cardpuppet Sirvienta
PROPMOVER_TXT_000176,Cardpuppet,Cardpuppet
PROPMOVER_TXT_000178,Manager Cardpuppet,Cardpuppet Encargada
PROPMOVER_TXT_000180,Boss Cardpuppet,Jefa Cardpuppet
PROPMOVER_TXT_000182,Small Tombstone Bearer,Tombstone Bearer Pequeño
PROPMOVER_TXT_000184,Tombstone Bearer,Tombstone Bearer
PROPMOVER_TXT_000186,Captain Tombstone Bearer,Tombstone Bearer Capitán
PROPMOVER_TXT_000188,Giant Tombstone Bearer,Tombstone Bearer Gigante
PROPMOVER_TXT_000190,Phantom Basque,Basque Fantasma
PROPMOVER_TXT_000192,Basque,Basque
PROPMOVER_TXT_000194,Lumping Basque,Basque Grumoso
PROPMOVER_TXT_000196,Giant Basque,Basque Gigante
PROPMOVER_TXT_000198,Small Mage Prankster,Prankster Mago Pequeño
PROPMOVER_TXT_000200,Prankster,Prankster
PROPMOVER_TXT_000202,Master Mage Prankster,Prankster Mago Maestro
PROPMOVER_TXT_000204,Giantmage Prankster,Prankster Mago Gigante
PROPMOVER_TXT_000206,Rough Wheelem,Wheelem Bruto
PROPMOVER_TXT_000208,Wheelem,Wheelem
PROPMOVER_TXT_000210,Bouncing Wheelem,Wheelem Rebotador
PROPMOVER_TXT_000212,Giant Wheelem,Wheelem Gigante
PROPMOVER_TXT_000214,Small Leyena,Leyena Pequeña
PROPMOVER_TXT_000216,Leyena,Leyena
PROPMOVER_TXT_000218,Captain Leyena,Leyena Capitana
PROPMOVER_TXT_000220,Giant Leyena,Leyena Gigante
PROPMOVER_TXT_000222,Small Steam Walker,Steam Walker Pequeño
PROPMOVER_TXT_000224,Steam Walker,Steam Walker
PROPMOVER_TXT_000226,Captain Steam Walker,Steam Walker Capitán
PROPMOVER_TXT_000228,Giant Steam Walker,Steam Walker Gigante
PROPMOVER_TXT_000230,Small Steel Knight,Steel Knight Pequeño
PROPMOVER_TXT_000232,Steel Knight,Steel Knight
PROPMOVER_TXT_000234,Captain Steel Knight,Steel Knight Capitán
PROPMOVER_TXT_000236,Giant Steel Knight,Steel Knight Gigante
PROPMOVER_TXT_000238,Small Nutty Wheel,Nutty Wheel Pequeño
PROPMOVER_TXT_000240,Nutty Wheel,Nutty Wheel
PROPMOVER_TXT_000242,Captain Nutty Wheel,Nutty Wheel Capitán
PROPMOVER_TXT_000244,Giant Nutty Wheel,Nutty Wheel Gigante
PROPMOVER_TXT_000246,Small Driller,Driller Pequeño
PROPMOVER_TXT_000248,Driller,Driller
PROPMOVER_TXT_000250,Captain Driller,Driller Capitán
PROPMOVER_TXT_000252,Giant Driller,Driller Gigante
PROPMOVER_TXT_000254,Small Volt,Volt Pequeño
PROPMOVER_TXT_000256,Volt,Volt
PROPMOVER_TXT_000258,Captain Volt,Volt Capitán
PROPMOVER_TXT_000260,Giant Volt,Volt Gigante
PROPMOVER_TXT_000262,Small Elderguard,Elderguard Pequeño
PROPMOVER_TXT_000264,Elderguard,Elderguard
PROPMOVER_TXT_000266,Captain Elderguard,Elderguard Capitán
PROPMOVER_TXT_000268,Giant Elderguard,Elderguard Gigante
PROPMOVER_TXT_000270,Small Garbagespider,Garbagespider Pequeño
PROPMOVER_TXT_000272,Garbagespider,Garbagespider
PROPMOVER_TXT_000274,Captain Garbagespider,Garbagespider Capitán
PROPMOVER_TXT_000276,Giant Garbagespider,Garbagespider Gigante
PROPMOVER_TXT_000278,Small Crane Machinery,Crane Machinery Pequeño
PROPMOVER_TXT_000280,Crane Machinery,Crane Machinery
PROPMOVER_TXT_000282,Captain Crane Machinery,Crane Machinery Capitán
PROPMOVER_TXT_000284,Giant Crane Machinery,Crane Machinery Gigante
PROPMOVER_TXT_000286,Small Mothbee,Mothbee Pequeño
PROPMOVER_TXT_000288,Mothbee,Mothbee
PROPMOVER_TXT_000290,Captain Mothbee,Mothbee Capitán
PROPMOVER_TXT_000292,Giant Mothbee,Mothbee Gigante
PROPMOVER_TXT_000294,Small Flybrigen,Flybrigen Pequeño
PROPMOVER_TXT_000296,Flybrigen,Flybrigen
PROPMOVER_TXT_000298,Captain Flybrigen,Flybrigen Capitán
PROPMOVER_TXT_000300,Giant Flybrigen,Flybrigen Gigante
PROPMOVER_TXT_000302,Small Rockepeller,Rockepeller Pequeño
PROPMOVER_TXT_000304,Rockepeller,Rockepeller
PROPMOVER_TXT_000306,Captain Rockepeller,Rockepeller Capitán
PROPMOVER_TXT_000308,Giant Rockepeller,Rockepeller Gigante
PROPMOVER_TXT_000318,Pawn Popcrank,Popcrank Peón
PROPMOVER_TXT_000320,Knight Popcrank,Popcrank Caballo
PROPMOVER_TXT_000322,Rook Popcrank,Popcrank Torre
PROPMOVER_TXT_000324,Bishop Popcrank,Popcrank Alfil
PROPMOVER_TXT_000326,Small Greemong,Greemong Pequeño
PROPMOVER_TXT_000328,Greemong,Greemong
PROPMOVER_TXT_000330,Captain Greemong,Greemong Capitán
PROPMOVER_TXT_000332,Giant Greemong,Greemong Gigante
PROPMOVER_TXT_000336,Roy,Roy
PROPMOVER_TXT_000338,Cardinal Guardian,Guardián Cardenal
PROPMOVER_TXT_000350,Small Carrierbomb,Carrierbomb Pequeño
PROPMOVER_TXT_000352,Carrierbomb,Carrierbomb
PROPMOVER_TXT_000354,Captain Carrierbomb,Carrierbomb Capitán
PROPMOVER_TXT_000356,Giant Carrierbomb,Carrierbomb Gigante
PROPMOVER_TXT_000382,Clockworks,Clockworks
PROPMOVER_TXT_000392,Small Nuctuvehicle,Nuctuvehicle Pequeño
PROPMOVER_TXT_000394,Nuctuvehicle,Nuctuvehicle
PROPMOVER_TXT_000396,Captain Nuctuvehicle,Nuctuvehicle Capitán
PROPMOVER_TXT_000398,Giant Nuctuvehicle,Nuctuvehicle Gigante
PROPMOVER_TXT_000400,Young Syliaca,Syliaca Joven
PROPMOVER_TXT_000402,Syliaca,Syliaca
PROPMOVER_TXT_000404,Grownup Syliaca,Syliaca Adulta
PROPMOVER_TXT_000406,Giant Syliaca,Syliaca Gigante
PROPMOVER_TXT_000408,Small Risem,Risem Pequeño
PROPMOVER_TXT_000410,Risem,Risem
PROPMOVER_TXT_000412,Captain Risem,Risem Capitán
PROPMOVER_TXT_000414,Giant Risem,Risem Gigante
PROPMOVER_TXT_000416,Small Zombiger,Zombiger Pequeño
PROPMOVER_TXT_000418,Zombiger,Zombiger
PROPMOVER_TXT_000420,Captain Zombiger,Zombiger Capitán
PROPMOVER_TXT_000422,Giant Zombiger,Zombiger Gigante
PROPMOVER_TXT_000424,Small Flybat,Flybat Pequeño
PROPMOVER_TXT_000426,Flybat,Flybat
PROPMOVER_TXT_000428,Captain Flybat,Flybat Capitán
PROPMOVER_TXT_000430,Giant Flybat,Flybat Gigante
PROPMOVER_TXT_000432,Small Bucrow,Bucrow Pequeño
PROPMOVER_TXT_000434,Bucrow,Bucrow
PROPMOVER_TXT_000436,Captain Bucrow,Bucrow Capitán
PROPMOVER_TXT_000438,Giant Bucrow,Bucrow Gigante
PROPMOVER_TXT_000440,Small Scorpicon,Scorpicon Pequeño
PROPMOVER_TXT_000442,Scorpicon,Scorpicon
PROPMOVER_TXT_000444,Captain Scorpicon,Scorpicon Capitán
PROPMOVER_TXT_000446,Giant Scorpicon,Scorpicon Gigante
PROPMOVER_TXT_000448,Small Trangfoma,Trangfoma Pequeño
PROPMOVER_TXT_000450,Trangfoma,Trangfoma
PROPMOVER_TXT_000452,Captain Trangfoma,Trangfoma Capitán
PROPMOVER_TXT_000454,Giant Trangfoma,Trangfoma Gigante
PROPMOVER_TXT_000456,Mine Catcher,Mine Catcher
PROPMOVER_TXT_000458,Erons Catcher,Erons Catcher
PROPMOVER_TXT_000460,Krasec Catcher,Krasec Catcher
PROPMOVER_TXT_000462,Guru Catcher,Guru Catcher
PROPMOVER_TXT_000464,Small Grrr,Grrr Pequeño
PROPMOVER_TXT_000466,Grrr,Grrr
PROPMOVER_TXT_000468,Captain Grrr,Grrr Capitán
PROPMOVER_TXT_000470,Giant Grrr,Grrr Gigante
PROPMOVER_TXT_000472,Small Dump,Dump Pequeño
PROPMOVER_TXT_000474,Dump,Dump
PROPMOVER_TXT_000476,Captain Dump,Dump Capitán
PROPMOVER_TXT_000478,Giant Dump,Dump Gigante
PROPMOVER_TXT_000480,Small Nautrepy,Nautrepy Pequeño
PROPMOVER_TXT_000482,Nautrepy,Nautrepy
PROPMOVER_TXT_000484,Captain Nautrepy,Nautrepy Capitán
PROPMOVER_TXT_000486,Giant Nautrepy,Nautrepy Gigante
PROPMOVER_TXT_000488,Small Boo,Boo Pequeño
PROPMOVER_TXT_000490,Boo,Boo
PROPMOVER_TXT_000492,Captain Boo,Boo Capitán
PROPMOVER_TXT_000494,Giant Boo,Boo Gigante
PROPMOVER_TXT_000496,Small Hoppre,Hoppre Pequeño
PROPMOVER_TXT_000498,Hoppre,Hoppre
PROPMOVER_TXT_000500,Captain Hoppre,Hoppre Capitán
PROPMOVER_TXT_000502,Giant Hoppre,Hoppre Gigante
PROPMOVER_TXT_000504,Small Mushpoie,Mushpoie Pequeño
PROPMOVER_TXT_000506,Mushpoie,Mushpoie
PROPMOVER_TXT_000508,Captain Mushpoie,Mushpoie Capitán
PROPMOVER_TXT_000510,Giant Mushpoie,Mushpoie Gigante
PROPMOVER_TXT_000512,Small Iren,Iren Pequeño
PROPMOVER_TXT_000514,Iren,Iren
PROPMOVER_TXT_000516,Captain Iren,Iren Capitán
PROPMOVER_TXT_000518,Giant Iren,Iren Gigante
PROPMOVER_TXT_000520,Small Watangka,Watangka Pequeño
PROPMOVER_TXT_000522,Watangka,Watangka
PROPMOVER_TXT_000524,Captain Watangka,Watangka Capitán
PROPMOVER_TXT_000526,Giant Watangka,Watangka Gigante
PROPMOVER_TXT_000528,Small Antiquery,Antiquery Pequeño
PROPMOVER_TXT_000530,Antiquery,Antiquery
PROPMOVER_TXT_000532,Captain Antiquery,Antiquery Capitán
PROPMOVER_TXT_000534,Giant Antiquery,Antiquery Gigante
PROPMOVER_TXT_000536,Small Luia,Luia Pequeña
PROPMOVER_TXT_000538,Luia,Luia
PROPMOVER_TXT_000540,Captain Luia,Luia Capitana
PROPMOVER_TXT_000542,Giant Luia,Luia Gigante
PROPMOVER_TXT_000544,Small Gongury,Gongury Pequeño
PROPMOVER_TXT_000546,Gongury,Gongury
PROPMOVER_TXT_000548,Captain Gongury,Gongury Capitán
PROPMOVER_TXT_000550,Giant Gongury,Gongury Gigante
PROPMOVER_TXT_000552,Small Shuhamma,Shuhamma Pequeño
PROPMOVER_TXT_000554,Shuhamma,Shuhamma
PROPMOVER_TXT_000556,Captain Shuhamma,Shuhamma Capitán
PROPMOVER_TXT_000558,Giant Shuhamma,Shuhamma Gigante
PROPMOVER_TXT_000560,Small Kern,Kern Pequeño
PROPMOVER_TXT_000562,Kern,Kern
PROPMOVER_TXT_000564,Captain Kern,Kern Capitán
PROPMOVER_TXT_000566,Giant Kern,Kern Gigante
PROPMOVER_TXT_000568,Small Glaphan,Glaphan Pequeño
PROPMOVER_TXT_000570,Glaphan,Glaphan
PROPMOVER_TXT_000572,Captain Glaphan,Glaphan Capitán
PROPMOVER_TXT_000574,Giant Glaphan,Glaphan Gigante
PROPMOVER_TXT_000576,Trainee Chef Muffrin,Chef Muffrin Aprendiz
PROPMOVER_TXT_000578,3rd Chef Muffrin,3er Chef Muffrin
PROPMOVER_TXT_000580,2nd Chef Muffrin,2do Chef Muffrin
PROPMOVER_TXT_000582,1st Chef Muffrin,1er Chef Muffrin
PROPMOVER_TXT_000584,Mutant Fefern,Fefern Mutante
PROPMOVER_TXT_000586,Mutant Fefern King,Rey Fefern Mutante
PROPMOVER_TXT_000588,Mutant Giant 2nd Class Fefern,Fefern Gigante Mutante 2da Clase
PROPMOVER_TXT_000590,Mutant Nyangnyang,Nyangnyang Mutante
PROPMOVER_TXT_000592,Mutant Nyangnyang Queen,Reina Nyangnyang Mutante
PROPMOVER_TXT_000594,Mutant Giant Nyangnyang,Nyangnyang Gigante Mutante
PROPMOVER_TXT_000596,Mutant Bang,Bang Mutante
PROPMOVER_TXT_000598,Mutant Boss Bang,Bang Jefe Mutante
PROPMOVER_TXT_000600,Mutant Giant Bang King,Rey Bang Gigante Mutante
PROPMOVER_TXT_000602,Worm Veduque,Veduque Gusano
PROPMOVER_TXT_000604,Serus Uriel,Serus Uriel
PROPMOVER_TXT_000606,Vice Veduque,Veduque Cruel
PROPMOVER_TXT_000608,Brazenface Pukepuke,Pukepuke Descarado
PROPMOVER_TXT_000610,Heartless Bang,Bang Cruel
PROPMOVER_TXT_000612,Tough Rock Muscle,Rock Muscle Duro
PROPMOVER_TXT_000614,Flying Aibatt,Aibatt Volador
PROPMOVER_TXT_000616,Beast Mr. Pumpkin,Mr. Pumpkin Bruto
PROPMOVER_TXT_000618,Master Demian,Demian Maestro
PROPMOVER_TXT_000620,Master Keakoon,Keakoon Maestro
PROPMOVER_TXT_000622,Master Muffrin,Muffrin Maestro
PROPMOVER_TXT_000624,Info-Pang,Info-Pang
PROPMOVER_TXT_000626,Losha,Losha
PROPMOVER_TXT_000628,Boboku,Boboku
PROPMOVER_TXT_000630,Julia,Julia
PROPMOVER_TXT_000632,Lui,Lui
PROPMOVER_TXT_000634,Marche,Marche
PROPMOVER_TXT_000636,Bulrox,Bulrox
PROPMOVER_TXT_000638,Tina,Tina
PROPMOVER_TXT_000640,Karin,Karin
PROPMOVER_TXT_000642,Martin,Martin
PROPMOVER_TXT_000644,Bill,Bill
PROPMOVER_TXT_000646,Dwarpet,Enano
PROPMOVER_TXT_000648,Master Dwarpet,Enano Maestro
PROPMOVER_TXT_000650,Iblis,Iblis
PROPMOVER_TXT_000652,Shade,Shade
PROPMOVER_TXT_000654,Stima,Stima
PROPMOVER_TXT_000656,Phacham,Phacham
PROPMOVER_TXT_000658,Bubble,Bubble
PROPMOVER_TXT_000660,Rhine,Rhine
PROPMOVER_TXT_000662,Roocky,Roocky
PROPMOVER_TXT_000664,Ollien,Ollien
PROPMOVER_TXT_000666,Haven,Haven
PROPMOVER_TXT_000668,Chitller,Chitller
PROPMOVER_TXT_000670,Bolpor,Bolpor
PROPMOVER_TXT_000672,Almani,Almani
PROPMOVER_TXT_000674,Achaben,Achaben
PROPMOVER_TXT_000676,Eshylop,Eshylop
PROPMOVER_TXT_000678,Remine,Remine
PROPMOVER_TXT_000680,Unknown,Desconocido
PROPMOVER_TXT_000682,Agent,Agent
PROPMOVER_TXT_000684,Ancimys,Ancimys
PROPMOVER_TXT_000686,Guardian,Guardián
PROPMOVER_TXT_000688,Captain Guard,Capitán de la Guardia
PROPMOVER_TXT_000692,Venel Guardian,Guardián Venel
PROPMOVER_TXT_000694,Ren,Ren
PROPMOVER_TXT_000696,Rubo,Rubo
PROPMOVER_TXT_000698,Sisif,Sisif
PROPMOVER_TXT_000700,Shuraiture,Shuraiture
PROPMOVER_TXT_000702,Babari,Babari
PROPMOVER_TXT_000704,Chaner,Chaner
PROPMOVER_TXT_000706,Seido,Seido
PROPMOVER_TXT_000708,Red Bang Troupe Member,Miembro de los Bangs Rojos
PROPMOVER_TXT_000710,Emerald Mantis,Mantis Esmeralda
PROPMOVER_TXT_000712,Lord Bang Hanoyan,Señor Bang Hanoyan
PROPMOVER_TXT_000714,Member of the Violet Magician Troupe,Miembro de los Magos Violetas
PROPMOVER_TXT_000716,Master of the Violet Magician Troupe,Maestro de los Magos Violetas
PROPMOVER_TXT_000718,Grand Master of the Violet Magician Troupe,Gran Maestro de los Magos Violetas
PROPMOVER_TXT_000720,Red Bang Troupe Leader,Líder de los Bangs Rojos
PROPMOVER_TXT_000722,Lord Bang,Señor Bang
PROPMOVER_TXT_000724,Organigor,Organigor
PROPMOVER_TXT_000726,Gangard,Gangard
PROPMOVER_TXT_000728,Hadeseor,Hadeseor
PROPMOVER_TXT_000730,Santa,Santa
PROPMOVER_TXT_000732,Priest,Sacerdote
PROPMOVER_TXT_000734,Guard,Guardia
PROPMOVER_TXT_000736,Chaos Guard,Guardia del Caos
PROPMOVER_TXT_000738,Criminal Fefern,Fefern Criminal
PROPMOVER_TXT_000740,Criminal Wagsaac,Wagsaac Criminal
PROPMOVER_TXT_000742,Criminal Mr. Pumpkin,Mr. Pumpkin Criminal
PROPMOVER_TXT_000744,Criminal Giggle Box,Giggle Box Criminal
PROPMOVER_TXT_000746,Criminal Hobo,Hobo Criminal
PROPMOVER_TXT_000748,Criminal Cardpuppet,Cardpuppet Criminal
PROPMOVER_TXT_000750,Criminal Basque,Basque Criminal
PROPMOVER_TXT_000752,Criminal Leyena,Leyena Criminal
PROPMOVER_TXT_000754,Criminal Steel Knight,Steel Knight Criminal
PROPMOVER_TXT_000756,Criminal Volt,Volt Criminal
PROPMOVER_TXT_000758,Criminal Garbagespider,Garbagespider Criminal
PROPMOVER_TXT_000760,Criminal Greemong,Greemong Criminal
PROPMOVER_TXT_000762,Criminal Hoppre,Hoppre Criminal
PROPMOVER_TXT_000764,Criminal Iren,Iren Criminal
PROPMOVER_TXT_000766,Criminal Watangka,Watangka Criminal
PROPMOVER_TXT_000768,Criminal Luia,Luia Criminal
PROPMOVER_TXT_000770,Criminal Shuhamma,Shuhamma Criminal
PROPMOVER_TXT_000772,Criminal Glaphan,Glaphan Criminal
PROPMOVER_TXT_000774,Keakoon Worker,Trabajador Keakoon
PROPMOVER_TXT_000776,Keakoon Guard,Guardia Keakoon
PROPMOVER_TXT_000778,Keakoon Worker Leader,Trabajador Keakoon Líder
PROPMOVER_TXT_000780,Keakoon Guard Leader,Guardia Keakoon Líder
PROPMOVER_TXT_000782,Elite Keakoon Worker,Trabajador Keakoon de Élite
PROPMOVER_TXT_000784,Elite Keakoon Guard,Guardia Keakoon de Élite
PROPMOVER_TXT_000786,Elite Keakoon Worker Leader,Trabajador Keakoon de Élite Líder
PROPMOVER_TXT_000788,Elite Keakoon Guard Leader,Guardia Keakoon de Élite Líder
PROPMOVER_TXT_000790,Mutant Keakoon Worker,Trabajador Keakoon Mutante
PROPMOVER_TXT_000792,Mutant Keakoon Guard,Guardia Keakoon Mutante
PROPMOVER_TXT_000794,Mutant Keakoon Worker Leader,Trabajador Keakoon Mutante Líder
PROPMOVER_TXT_000796,Mutant Keakoon Guard Leader,Guardia Keakoon Mutante Líder
PROPMOVER_TXT_000798,Pink Roach,Roach Rosa
PROPMOVER_TXT_000800,Blue Roach,Roach Azul
PROPMOVER_TXT_000802,Pink Roach Queen,Reina Roach Rosa
PROPMOVER_TXT_000804,Blue Roach Queen,Reina Roach Azul
PROPMOVER_TXT_000806,Pink Roach Larva,Larva de Roach Rosa
PROPMOVER_TXT_000808,Blue Roach Larva,Larva de Roach Azul
PROPMOVER_TXT_000810,Green Trillipy,Trillipy Verde
PROPMOVER_TXT_000812,Hazardous Green Trillipy,Trillipy Verde Peligroso
PROPMOVER_TXT_000814,Violet Trillipy,Trillipy Violeta
PROPMOVER_TXT_000816,Hazardous Violet Trillipy,Trillipy Violeta Peligroso
PROPMOVER_TXT_000818,Blood Trillipy,Trillipy Sanguinario
PROPMOVER_TXT_000820,Hazardous Blood Trillipy,Trillipy Sanguinario Peligroso
PROPMOVER_TXT_000822,Chimeradon,Chimeradon
PROPMOVER_TXT_000824,Giant Chimeradon,Chimeradon Gigante
PROPMOVER_TXT_000826,Meteonyker,Meteonyker
PROPMOVER_TXT_000828,Baby Lawolf,Lawolf Bebé
PROPMOVER_TXT_000830,Baby Aibatt,Aibatt Bebé
PROPMOVER_TXT_000832,Baby Leyena,Leyena Bebé
PROPMOVER_TXT_000834,Baby Luia,Luia Bebé
PROPMOVER_TXT_000836,Kitty,Gatito
PROPMOVER_TXT_000838,Doggy,Perrito
PROPMOVER_TXT_000840,Ant Turtle,Peakyturtle Hormiga
PROPMOVER_TXT_000842,Hammer Kick,Jack the Hammer Pateador
PROPMOVER_TXT_000844,Big Muscle,Gran Muscle
PROPMOVER_TXT_000846,Krrr,Krrr
PROPMOVER_TXT_000848,Mushmoot,Mushmoot
PROPMOVER_TXT_000852,Beast Zombiger,Zombiger Bruto
PROPMOVER_TXT_000854,Lord Clockworks Alpha,Señor Clockworks Alpha
PROPMOVER_TXT_000856,Brigadier General Crumple,General de Brigada Crumple
PROPMOVER_TXT_000858,Lieutenant General Scythoid,Teniente General Scythoid
PROPMOVER_TXT_000860,Air Marshall Spiketail,Mariscal Aéreo Spiketail
PROPMOVER_TXT_000862,General Glyphaxz,General Glyphaxz
PROPMOVER_TXT_000866,Soccerball Angel,Ángel Pelota de Fútbol
PROPMOVER_TXT_000868,Kidler,Kidler
PROPMOVER_TXT_000870,Shacalpion,Shacalpion
PROPMOVER_TXT_000872,Hoiren,Hoiren
PROPMOVER_TXT_000874,Hunter X,Hunter X
PROPMOVER_TXT_000876,Kynsy,Kynsy
PROPMOVER_TXT_000878,Iblis Crasher,Aplastador de Iblis
PROPMOVER_TXT_000880,Iblis Poisoner,Envenenador de Iblis
PROPMOVER_TXT_000882,Iblis Wrecker,Demoledor de Iblis
PROPMOVER_TXT_000884,Iblis Destroyer,Destructor de Iblis
PROPMOVER_TXT_000886,Iblis Puppet,Marioneta de Iblis
PROPMOVER_TXT_000888,Iblis Thief,Ladrón de Iblis
PROPMOVER_TXT_000890,Iblis Guardian,Guardián de Iblis
PROPMOVER_TXT_000892,Iblis Quaker,Terragitador de Iblis
PROPMOVER_TXT_000894,Iblis Mushellizer,Triturador de Iblis
PROPMOVER_TXT_000896,Iblis Leanes,Adorador de Iblis
PROPMOVER_TXT_000898,Iblis Red Otem,Tótem de Iblis Rojo
PROPMOVER_TXT_000900,Iblis Black Otem,Tótem de Iblis Negro
PROPMOVER_TXT_000902,Iblis Boxter,Boxeador de Iblis
PROPMOVER_TXT_000904,Iblis Dandysher,Sirviente de Iblis
PROPMOVER_TXT_000906,Chitos,Chitos
PROPMOVER_TXT_000908,Clocks,Clocks
PROPMOVER_TXT_000910,Soldier Chimeradon,Chimeradon Soldado
PROPMOVER_TXT_000912,Brigadier Chimeradon,Chimeradon de Brigada
PROPMOVER_TXT_000914,Major Chimeradon,Chimeradon Comandante
PROPMOVER_TXT_000916,Lieutenant Chimeradon,Chimeradon Teniente
PROPMOVER_TXT_000918,General Chimeradon,General Chimeradon
PROPMOVER_TXT_000920,Private Bearnerky,Bearnerky Privado
PROPMOVER_TXT_000922,Specialist Bearnerky,Bearnerky Especialista
PROPMOVER_TXT_000924,Sergeant Bearnerky,Bearnerky Sargento
PROPMOVER_TXT_000926,Captain Bearnerky,Bearnerky Capitán
PROPMOVER_TXT_000928,General Bearnerky,General Bearnerky
PROPMOVER_TXT_000930,Great Chef Muffrin,Gran Chef Muffrin
PROPMOVER_TXT_000932,Queen Popcrank,Reina Popcrank
PROPMOVER_TXT_000934,Baby Polar Bear,Baby Polar Bear
PROPMOVER_TXT_000936,Polar Bear,Oso Polar
PROPMOVER_TXT_000946,Post Box,Buzón
PROPMOVER_TXT_000950,Blue Meteonyker,Blue Meteonyker
PROPMOVER_TXT_000954,Baby Penguin,Pingüinito
PROPMOVER_TXT_000956,Baby Iguana,Iguana Bebé
PROPMOVER_TXT_000958,Baby Cobra,Cobra Bebé
PROPMOVER_TXT_000960,Egg,Huevo
PROPMOVER_TXT_000962,White Tiger,Tigre Blanco
PROPMOVER_TXT_000966,Babari Lion,León Babari 
PROPMOVER_TXT_000970,Rabbit,Conejo
PROPMOVER_TXT_000974,Dragon,Dragón
PROPMOVER_TXT_000978,Unicorn,Unicornio
PROPMOVER_TXT_000982,Old Fox,Zorro Viejo
PROPMOVER_TXT_000986,Griffin,Grifo
PROPMOVER_TXT_000987,Angel,Ángel
PROPMOVER_TXT_000988,King Crab,Rey Cangrejo
PROPMOVER_TXT_000996,Gambler,Gambler
PROPMOVER_TXT_000998,Hair Designer,Estilista
PROPMOVER_TXT_001000,Make-Up Artist,Artista de Maquillaje
PROPMOVER_TXT_001002,Pet Tamer,Domador de Mascotas
PROPMOVER_TXT_001010,Behemoth,Behemoth
PROPMOVER_TXT_001012,Hellion,Hellion
PROPMOVER_TXT_001014,Jackalope,Jackalope
PROPMOVER_TXT_001016,Bahamut,Bahamut
PROPMOVER_TXT_001018,Nightmare,Nightmare
PROPMOVER_TXT_001020,Reinecke,Reinecke
PROPMOVER_TXT_001022,Hippogryph,Hippogryph
PROPMOVER_TXT_001024,Cute Frog,Ranita
PROPMOVER_TXT_001026,Cute Hamburger,Hamburguesita
PROPMOVER_TXT_001028,Baby Turtle,Tortuguita
PROPMOVER_TXT_001034,Baby Chicken,Gallinita
PROPMOVER_TXT_001036,Baby Cow,Vaquita
PROPMOVER_TXT_001038,Baby Beagle,Beagle Bebé
PROPMOVER_TXT_001040,Baby Blue Dragon,Dragoncito Azul
PROPMOVER_TXT_001042,Baby Hamster,Hamster Bebé
PROPMOVER_TXT_001044,Baby Horse,Caballito
PROPMOVER_TXT_001046,Baby Monkey,Monito
PROPMOVER_TXT_001048,Baby Pig,Cerdito
PROPMOVER_TXT_001050,Baby Rabbit,Conejito
PROPMOVER_TXT_001052,Cute Lamb,Corderito
PROPMOVER_TXT_001054,Baby Tiger,Tigre Bebé
PROPMOVER_TXT_001076,Small Maid Cardpuppet,Cardpuppet Pequeñita
PROPMOVER_TXT_001078,Small Mia,Mia Pequeña
PROPMOVER_TXT_001080,Baby Black Dragon,Dragoncito Negro
PROPMOVER_TXT_001196,Baby Yetti,Yetti Bebé
PROPMOVER_TXT_001300,[Guildwar Manager] Frankie,[Batallas de Guilds] Frankie
PROPMOVER_TXT_001302,[Guildwar Manager] Donaris,[Batallas de Guilds] Donaris
PROPMOVER_TXT_001304,[1vs1Guildwar Manager] Amos,[Batallas de Guilds 1v1] Amos
PROPMOVER_TXT_001306,[1vs1Guildwar Manager] Annie,[Batallas de Guilds 1v1] Annie
PROPMOVER_TXT_001308,[Arena Manager] Lay,[Mánager de la Arena] Lay
PROPMOVER_TXT_001310,Mayor,Alcalde
PROPMOVER_TXT_001318,English Bulldog,Bulldog Inglés
PROPMOVER_TXT_001320,Naughty Ghost,Fantasma Travieso
PROPMOVER_TXT_001322,Baby Fu Lion,León Fu Bebé
PROPMOVER_TXT_001324,Smart Owl,Búho Inteligente
PROPMOVER_TXT_001326,Patches,Patches
PROPMOVER_TXT_001328,Cute Robot,Robot Lindo
PROPMOVER_TXT_001330,Baby Bang,Bang Bebé
PROPMOVER_TXT_001332,Baby Panda,Panda Bebé
PROPMOVER_TXT_001334,Red Armored Tigar,Tigar Acorazado Rojo
PROPMOVER_TXT_001336,Blue Armored Tigar,Tigar Acorazado Azul
PROPMOVER_TXT_001338,Yellow Armored Tigar,Tigar Acorazado Amarillo
PROPMOVER_TXT_001446,Tommy Toucan,Tucán Tommy
PROPMOVER_TXT_001452,Johnny Four-Wheels,Johnny Cuatro-Ruedas
PROPMOVER_TXT_001460,Tiny Tanuki,Tanuki Diminuto
PROPMOVER_TXT_001466,Inisis,Inisis
PROPMOVER_TXT_001496,Mini Santa,Mini Santa
PROPMOVER_TXT_001498,Mini Snowman,Muñequito de Nieve
PROPMOVER_TXT_001504,Little Lykan,Lykan Pequeñito
PROPMOVER_TXT_001554,Joey,Joey
PROPMOVER_TXT_001556,Spike,Spike
PROPMOVER_TXT_001558,Lumia,Lumia
PROPMOVER_TXT_001560,Inspector Koko,Inspector Koko
PROPMOVER_TXT_001564,Cheshire Cat,Gato Cheshire
PROPMOVER_TXT_001566,The White Rabbit,El Conejo Blanco
PROPMOVER_TXT_001568,Tiger Cub,Tigre Cachorro
PROPMOVER_TXT_001586,Bone Golem,Golem de Huesos
PROPMOVER_TXT_001588,Mocomochi,Mocomochi
PROPMOVER_TXT_001590,Soul Dancer,Bailarín del Alma
PROPMOVER_TXT_001592,Clockworks Butler,Mayordomo de Clockworks
PROPMOVER_TXT_001628,[Village Chief] Huntrang,[Jefe de Villa] Huntrang
PROPMOVER_TXT_001630,[Quest Office] Miorang,[Oficina de Misiones] Miorang
PROPMOVER_TXT_001654,[Crackshooter Master] Meiarun,[Maestra Crackshooter] Meiarun
PROPMOVER_TXT_001656,[Arcanist Master] Howrang,[Maestro Arcanist] Howrang
PROPMOVER_TXT_001680,Cheirang,Cheirang
PROPMOVER_TXT_001714,[Rock Scissor Paper NPC] Demian,[Piedra Papel o Tijeras NPC] Demian
PROPMOVER_TXT_001716,Chameleon,Camaleón
PROPMOVER_TXT_001804,Braaaaains,Cerebrooooos
PROPMOVER_TXT_001814,Male Zombie,Zombi Masculino
PROPMOVER_TXT_001816,Female Zombie ,Zombi Femenino
PROPMOVER_TXT_001826,Big Red,Gran Rojo
PROPMOVER_TXT_002000,Buur,Buur
PROPMOVER_TXT_002002,Saphyryan,Saphyryan
PROPMOVER_TXT_002004,Gray Earl,Gray Earl
PROPMOVER_TXT_002006,Jack Frost,Jack Helado
PROPMOVER_TXT_002008,Mr. Grinchie,Mr. Grinchie
PROPMOVER_TXT_002010,Rudolph,Rudolph
PROPMOVER_TXT_002020,[Development Supervisor] Kim,[Supervisor de Desarrollo] Kim
PROPMOVER_TXT_002026,Kuma,Kuma
PROPMOVER_TXT_002034,Usagi,Usagi
PROPMOVER_TXT_002036,Cooperative Donation NPC,[Donaciones Cooperativas] NPC
PROPMOVER_TXT_002038,X900 EvilTron,X900 EvilTron
PROPMOVER_TXT_002040,Mister Grizz,Mister Grizz
PROPMOVER_TXT_002162,Lil' Potato,Patatita
PROPMOVER_TXT_002166,Friendly Baby Kargo,Kargo Bebé Amistoso
PROPMOVER_TXT_002170,Charming Babushka Doll,Babushka Encantadora
PROPMOVER_TXT_002232,Cute Baby Cat,Gatita Linda
PROPMOVER_TXT_002234,Little Muran,Muran Pequeñita
PROPMOVER_TXT_002236,Baby Buur,Buur Bebé
PROPMOVER_TXT_002238,Baby Ripper,Destripador Bebé
PROPMOVER_TXT_002240,Baby Gray Earl,Gray Earl Bebé
PROPMOVER_TXT_002242,Tamed Bolo,Bolo Domesticado
PROPMOVER_TXT_002282,Pink Mocomochi Pet,Mocomochi Rosa
PROPMOVER_TXT_002284,Rainbow Mocomochi Pet,Mocomochi Arcoíris
PROPMOVER_TXT_002286,Black Bulldog Pet,Bulldog Negro
PROPMOVER_TXT_002288,Red Dragon Pet,Dragoncito Rojo
PROPMOVER_TXT_002292,Blue Snowman Pet,Muñeco de Nieve Azul
PROPMOVER_TXT_002142,Reonan,Reonan
PROPMOVER_TXT_002144,Nerco,Nerco
PROPMOVER_TXT_002146,Hael,Hael
PROPMOVER_TXT_002148,Handel,Handel
PROPMOVER_TXT_002150,Reodos,Reodos
PROPMOVER_TXT_002152,Zoro,Zoro
PROPMOVER_TXT_002154,Elaine,Elaine
PROPMOVER_TXT_002156,Ainher,Ainher
PROPMOVER_TXT_002158,Sury,Sury
PROPMOVER_TXT_002230,Earl Vermelho,Earl Vermelho
PROPMOVER_TXT_100000,Small Gorruda,Gorruda Pequeño
PROPMOVER_TXT_100001,Gorruda,Gorruda
PROPMOVER_TXT_100002,Captain Gorruda,Gorruda Capitán
PROPMOVER_TXT_100003,Giant Gorruda,Gorruda Gigante
PROPMOVER_TXT_100004,Young Fafnir,Fafnir Joven
PROPMOVER_TXT_100005,Fafnir,Fafnir
PROPMOVER_TXT_100006,Grownup Fafnir,Fafnir Adulto
PROPMOVER_TXT_100007,Giant Fafnir,Fafnir Gigante
PROPMOVER_TXT_100008,Small Longwing,Longwing Pequeño
PROPMOVER_TXT_100009,Longwing,Longwing
PROPMOVER_TXT_100010,Captain Longwing,Longwing Capitán
PROPMOVER_TXT_100011,Giant Longwing,Longwing Gigante
PROPMOVER_TXT_100012,Neparuba,Neparuba
PROPMOVER_TXT_100013,Captain Neparuba,Neparuba Capitán
PROPMOVER_TXT_100014,Boss Neparuba,Neparuba Jefe
PROPMOVER_TXT_100015,Giant Neparuba,Neparuba Gigante
PROPMOVER_TXT_100016,Small Zenma,Zenma Pequeño
PROPMOVER_TXT_100017,Zenma,Zenma
PROPMOVER_TXT_100018,Captain Zenma,Zenma Capitán
PROPMOVER_TXT_100019,Giant Zenma,Zenma Gigante
PROPMOVER_TXT_100020,Small Zendros,Zendros Pequeño
PROPMOVER_TXT_100021,Zendros,Zendros
PROPMOVER_TXT_100022,Captain Zendros,Zendros Capitán
PROPMOVER_TXT_100023,Giant Zendros,Zendros Gigante
PROPMOVER_TXT_100024,Small Medumet,Medumet Pequeño
PROPMOVER_TXT_100025,Medumet,Medumet
PROPMOVER_TXT_100026,Captain Medumet,Medumet Capitán
PROPMOVER_TXT_100027,Giant Medumet,Medumet Gigante
PROPMOVER_TXT_100028,Training Dummy,Muñeco de Entrenamiento
PROPMOVER_TXT_100029,Fire Training Dummy,Muñeco de Entrenamiento de Fuego
PROPMOVER_TXT_100030,Water Training Dummy,Muñeco de Entrenamiento de Agua
PROPMOVER_TXT_100031,Earth Training Dummy,Muñeco de Entrenamiento de Tierra
PROPMOVER_TXT_100032,Electric Training Dummy,Muñeco de Entrenamiento de Electricidad
PROPMOVER_TXT_100033,Wind Training Dummy,Muñeco de Entrenamiento de Viento
PROPMOVER_TXT_100097,Violet Medumet,Medumet Violeta
PROPMOVER_TXT_100063,Violet Leyena,Leyena Violeta
PROPMOVER_TXT_100064,Violet Trangfoma,Trangfoma Violeta
PROPMOVER_TXT_100065,Violet Steam Walker,Steam Walker Violeta
PROPMOVER_TXT_100068,Violet Steel Knight,Steel Knight Violeta
PROPMOVER_TXT_100069,Violet Nutty Wheel,Nutty Wheel Violeta
PROPMOVER_TXT_100066,Violet Driller,Driller Violeta
PROPMOVER_TXT_100067,Violet Volt,Volt Violeta
PROPMOVER_TXT_100070,Violet Elderguard,Elderguard Violeta
PROPMOVER_TXT_100071,Violet Garbagespider,Garbagespider Violeta
PROPMOVER_TXT_100072,Violet Crane Machinery,Crane Machinery Violeta
PROPMOVER_TXT_100074,Violet Greemong,Greemong Violeta
PROPMOVER_TXT_100076,Violet Nuctuvehicle,Nuctuvehicle Violeta
PROPMOVER_TXT_100075,Violet Carrierbomb,Carrierbomb Violeta
PROPMOVER_TXT_100073,Violet Syliaca,Syliaca Violeta
PROPMOVER_TXT_100078,Violet Zombiger,Zombiger Violeta
PROPMOVER_TXT_100077,Violet Risem,Risem Violeta
PROPMOVER_TXT_100086,Violet Grrr,Grrr Violeta
PROPMOVER_TXT_100091,Violet Dump,Dump Violeta
PROPMOVER_TXT_100085,Violet Nautrepy,Nautrepy Violeta
PROPMOVER_TXT_100082,Violet Boo,Boo Violeta
PROPMOVER_TXT_100079,Violet Hoppre,Hoppre Violeta
PROPMOVER_TXT_100088,Violet Mushpoie,Mushpoie Violeta
PROPMOVER_TXT_100081,Violet Iren,Iren Violeta
PROPMOVER_TXT_100080,Violet Watangka,Watangka Violeta
PROPMOVER_TXT_100087,Violet Antiquery,Antiquery Violeta
PROPMOVER_TXT_100083,Violet Luia,Luia Violeta
PROPMOVER_TXT_100089,Violet Gongury,Gongury Violeta
PROPMOVER_TXT_100084,Violet Shuhamma,Shuhamma Violeta
PROPMOVER_TXT_100092,Violet Kern,Kern Violeta
PROPMOVER_TXT_100090,Violet Glaphan,Glaphan Violeta
PROPMOVER_TXT_100094,Violet Chimeradon,Chimeradon Violeta
PROPMOVER_TXT_100095,Violet Bearnerky,Bearnerky Violeta
PROPMOVER_TXT_100093,Violet Chef Muffrin,Chef Muffrin Violeta
PROPMOVER_TXT_100096,Violet Popcrank,Popcrank Violeta
PROPMOVER_TXT_100034,Violet Aibatt,Aibatt Violeta
PROPMOVER_TXT_100035,Violet Mushpang,Mushpang Violeta
PROPMOVER_TXT_100036,Violet Burudeng,Burudeng Violeta
PROPMOVER_TXT_100038,Violet Pukepuke,Pukepuke Violeta
PROPMOVER_TXT_100037,Violet Peakyturtle,Peakyturtle Violeta
PROPMOVER_TXT_100039,Violet Demian,Demian Violeta
PROPMOVER_TXT_100040,Violet Doridoma,Doridoma Violeta
PROPMOVER_TXT_100041,Violet Lawolf,Lawolf Violeta
PROPMOVER_TXT_100043,Violet Fefern,Fefern Violeta
PROPMOVER_TXT_100042,Violet Nyangnyang,Nyangnyang Violeta
PROPMOVER_TXT_100044,Violet Bang,Bang Violeta
PROPMOVER_TXT_100099,Violet Mothbee,Mothbee Violeta
PROPMOVER_TXT_100098,Violet Flybrigen,Flybrigen Violeta
PROPMOVER_TXT_100100,Violet Rockepeller,Rockepeller Violeta
PROPMOVER_TXT_100106,Violet Zendros,Zendros Violeta
PROPMOVER_TXT_100104,Violet Neparuba,Neparuba Violeta
PROPMOVER_TXT_100105,Violet Zenma,Zenma Violeta
PROPMOVER_TXT_100103,Violet Longwing,Longwing Violeta
PROPMOVER_TXT_100102,Violet Fafnir,Fafnir Violeta
PROPMOVER_TXT_100101,Violet Gorruda,Gorruda Violeta
PROPMOVER_TXT_100058,Violet Tombstone Bearer,Tombstone Bearer Violeta
PROPMOVER_TXT_100060,Violet Scorpicon,Scorpicon Violeta
PROPMOVER_TXT_100059,Violet Basque,Basque Violeta
PROPMOVER_TXT_100061,Violet Prankster,Prankster Violeta
PROPMOVER_TXT_100062,Violet Wheelem,Wheelem Violeta
PROPMOVER_TXT_100045,Violet Wagsaac,Wagsaac Violeta
PROPMOVER_TXT_100047,Violet Mia,Mia Violeta
PROPMOVER_TXT_100048,Violet Mr. Pumpkin,Mr. Pumpkin Violeta
PROPMOVER_TXT_100049,Violet Red Mantis,Red Mantis Violeta
PROPMOVER_TXT_100050,Violet Jack the Hammer,Jack the Hammer Violeta
PROPMOVER_TXT_100051,Violet Giggle Box,Giggle Box Violeta
PROPMOVER_TXT_100052,Violet Rock Muscle,Rock Muscle Violeta
PROPMOVER_TXT_100053,Violet Hobo,Hobo Violeta
PROPMOVER_TXT_100055,Violet Dumb Bull,Dumb Bull Violeta
PROPMOVER_TXT_100056,Violet Totemia,Totemia Violeta
PROPMOVER_TXT_100057,Violet Cardpuppet,Cardpuppet Violeta
PROPMOVER_TXT_100046,Violet Flybat,Flybat Violeta
PROPMOVER_TXT_100054,Violet Bucrow,Bucrow Violeta
PROPMOVER_TXT_100107,Baby Pink Cobra,Cobra Bebé Rosa
PROPMOVER_TXT_100108,Baby Giant Aibatt,Aibatt Bebé Gigante
PROPMOVER_TXT_100109,Baby Glaphan,Glaphan Bebé
PROPMOVER_TXT_100110,Baby Longwing,Longwing Bebé
PROPMOVER_TXT_100111,Baby Saphyryan,Saphyryan Bebé
PROPMOVER_TXT_100112,Baby Mushpang,Mushpang Bebé
PROPMOVER_TXT_100113,Baby Wagsaac,Wagsaac Bebé
PROPMOVER_TXT_100114,Baby Steel Knight,Steel Knight Bebé
PROPMOVER_TXT_100115,Baby Nautrepy,Nautrepy Bebé
PROPMOVER_TXT_100116,Small Meteonyker,Meteonyker Pequeño
PROPMOVER_TXT_100117,Berserk Meteonyker,Meteonyker Enloquecido
PROPMOVER_TXT_100118,Cyclops X,Cyclops X
PROPMOVER_TXT_100119,Giant Cyclops X,Cyclops X Gigante
PROPMOVER_TXT_100120,Katamaw,Katamaw
PROPMOVER_TXT_100121,Zefus,Zefus
PROPMOVER_TXT_100122,Gruntizer,Gruntizer
PROPMOVER_TXT_100123,Obnis,Obnis
PROPMOVER_TXT_100124,Airon,Airon
PROPMOVER_TXT_100125,Kumah,Kumah
PROPMOVER_TXT_100126,Haom,Haom
PROPMOVER_TXT_100127,Scorched Meteonyker,Meteonyker Chamuscado
PROPMOVER_TXT_100128,Red Meteonyker,Meteonyker Rojo
PROPMOVER_TXT_100129,Baby Zendros,Zendros Bebé
PROPMOVER_TXT_100130,Baby Dumb Bull,Dumb Bull Bebé
PROPMOVER_TXT_100131,Baby Bearnerky,Bearnerky Bebé
PROPMOVER_TXT_100132,Yetti,Yetti
PROPMOVER_TXT_100133,Mutant Yetti,Yetti Mutante
PROPMOVER_TXT_100134,Dark Yetti,Yetti Oscuro
PROPMOVER_TXT_100135,Mad Yetti,Yetti Enfadado
PROPMOVER_TXT_100136,Violet Yetti,Yetti Violeta
PROPMOVER_TXT_100137,Augu,Augu
PROPMOVER_TXT_100138,Mutant Augu,Augu Mutante
PROPMOVER_TXT_100139,Ardent Augu,Augu Ardiente
PROPMOVER_TXT_100140,Glacial Augu,Augu Glacial
PROPMOVER_TXT_100141,Violet Augu,Augu Violeta
PROPMOVER_TXT_100142,Ghost of the Forgotten Prince,Fantasma del Príncipe Olvidado
PROPMOVER_TXT_100143,Ghost of the Forgotten King,Fantasma del Rey Olvidado
PROPMOVER_TXT_100144,Ghost of the Forgotten Emperor,Fantasma del Emperador Olvidado
PROPMOVER_TXT_100145,Ghost of the Forgotten Overlord,Fantasma del Jefe Supremo Olvidado
PROPMOVER_TXT_100146,Violet Ghost of the Forgotten Monarch,Fantasma del Monarca Olvidado Violeta
PROPMOVER_TXT_100147,Mammoth,Mammoth
PROPMOVER_TXT_100148,Cannibal Mammoth,Mammoth Caníbal
PROPMOVER_TXT_100149,Ancient Mammoth,Mammoth Antiguo
PROPMOVER_TXT_100150,Predator Mammoth,Mammoth Depredador
PROPMOVER_TXT_100151,Violet Mammoth,Mammoth Violeta
PROPMOVER_TXT_100152,Gigaka,Gigaka
PROPMOVER_TXT_100153,Mawrang,Mawrang
PROPMOVER_TXT_100154,Miriun,Miriun
PROPMOVER_TXT_100155,Auxilior,Auxilior
PROPMOVER_TXT_100156,Blue Alien Octopus,Pulpo Alienígena Azul
PROPMOVER_TXT_100157,Yellow Alien Octopus,Pulpo Alienígena Amarillo
PROPMOVER_TXT_100158,Red Alien Octopus,Pulpo Alienígena Rojo
PROPMOVER_TXT_100159,White Alien Octopus,Pulpo Alienígena Blanco
PROPMOVER_TXT_100160,Green Alien Octopus,Pulpo Alienígena Verde
PROPMOVER_TXT_100161,Black Alien Octopus,Pulpo Alienígena Negro
PROPMOVER_TXT_100162,Baby Peakyturtle,Peakyturtle Bebé
PROPMOVER_TXT_100163,Baby Rock Muscle,Rock Muscle Bebé
PROPMOVER_TXT_100164,Baby Giggle Box,Giggle Box Bebé
PROPMOVER_TXT_100165,Baby Totemia,Bebé Totemia
PROPMOVER_TXT_100166,Baby Fafnir,Bebé Fafnir
PROPMOVER_TXT_100167,Baby Popcrank,Bebé Popcrank
PROPMOVER_TXT_100168,Rookie Cloudberry Carrier,Portador Novato de Zarzamora
PROPMOVER_TXT_100169,Cloudberry Carrier,Portador de Zarzamora
PROPMOVER_TXT_100170,Lightberry Carrier,Portador de Bayaclara
PROPMOVER_TXT_100171,Rookie Exoberry Carrier,Portador Novato de Exobaya 
PROPMOVER_TXT_100172,Exoberry Carrier,Portador de Exobaya
PROPMOVER_TXT_001068,Waforu,Waforu
PROPMOVER_TXT_001069,Mysterious Robed Girl,Chica con Túnica Misteriosa
PROPMOVER_TXT_001442,Lasa,Lasa
PROPMOVER_TXT_100173,Baby Giant Bang,Bebé Bang Gigante
PROPMOVER_TXT_100174,Baby Burudeng,Bebé Burudeng
PROPMOVER_TXT_100175,Baby Iren,Bebé Iren
PROPMOVER_TXT_100176,Baby Mushpoie,Bebé Mushpoie
PROPMOVER_TXT_100177,Baby Flybrigen,Bebé Flybrigen
PROPMOVER_TXT_100178,Baby Nuctuvehicle,Bebé Nuctuvehicle
PROPMOVER_TXT_100179,Criminal Medumet,Criminal Medumet
PROPMOVER_TXT_100180,Crystal Iphrine,Cristal Iphrine
PROPMOVER_TXT_100181,Yellow Teddy Bear,Oso de Peluche Amarillo
PROPMOVER_TXT_100182,Blue Teddy Bear,Oso de Peluche Azul
PROPMOVER_TXT_100183,Brown Teddy Bear,Oso de Peluche Marrón
PROPMOVER_TXT_100184,Orange Teddy Bear,Oso de Peluche Naranja
PROPMOVER_TXT_100185,Black Teddy Bear,Oso de Peluche Negro
PROPMOVER_TXT_100186,White Teddy Bear,Oso de Peluche Blanco
PROPMOVER_TXT_100187,Baby Doridoma,Bebé Doridoma
PROPMOVER_TXT_100188,Baby Mothbee,Bebé Mothbee
PROPMOVER_TXT_100189,Baby Hobo,Bebé Hobo
PROPMOVER_TXT_100190,Primgon,Primgon
PROPMOVER_TXT_100191,Blue Gummy Bear,Osito de Goma Azul
PROPMOVER_TXT_100192,Brown Gummy Bear,Osito de Goma Marrón
PROPMOVER_TXT_100193,Pink Gummy Bear,Osito de Goma Rosa
PROPMOVER_TXT_100194,Red Gummy Bear,Osito de Goma Rojo
PROPMOVER_TXT_100195,Black Gummy Bear,Osito de Goma Negro
PROPMOVER_TXT_100196,White Gummy Bear,Osito de Goma Blanco
PROPMOVER_TXT_100197,Baby Wild Rabbit,Bebé Conejo Salvaje
PROPMOVER_TXT_100198,Puppy,Perrito
PROPMOVER_TXT_100199,Furious Mr. Pumpkin,Sr. Calabaza Furioso
PROPMOVER_TXT_100200,Deviant Mr. Pumpkin,Sr. Calabaza Desviado
PROPMOVER_TXT_100201,Baby Winged Sheep,Bebé Oveja-alada
PROPMOVER_TXT_100202,Teddy Bear,Oso de Peluche
PROPMOVER_TXT_100203,Kitty with Yellow Umbrella,Gatito con Paraguas Amarillo
PROPMOVER_TXT_100204,Kitty with Green Umbrella,Gatito con Paraguas Verde
PROPMOVER_TXT_100205,Kitty with Pink Umbrella,Gatito con Paraguas Rosa
PROPMOVER_TXT_100206,Kitty with Purple Umbrella,Gatito con Paraguas Lila
PROPMOVER_TXT_100207,Kitty with Beige Umbrella,Gatito con Paraguas Beige
PROPMOVER_TXT_100208,Kitty with Grey Umbrella,Gatito con Paraguas Gris
PROPMOVER_TXT_100209,Halloween Ghost,Fantasma de Halloween
PROPMOVER_TXT_100210,Lord Big Muscle,Señor Músculo Grande
PROPMOVER_TXT_100211,Lord Krrr,Señor Krrr
PROPMOVER_TXT_100212,Lord Mushmoot,Señor Mushmoot
PROPMOVER_TXT_100213,Lord Meteonyker,Señor Meteonyker
PROPMOVER_TXT_100214,Lord Red Meteonyker,Señor Meteonyker Rojo
PROPMOVER_TXT_100215,Lord Pumpkin,Señor Calabaza
PROPMOVER_TXT_100216,Lord Lykanos,Señor Lykanos
PROPMOVER_TXT_100217,Lord Drakul,Señor Drakul
PROPMOVER_TXT_100219,Lord Ripper,Señor Ripper
PROPMOVER_TXT_100220,Lord Mia,Señor Mia
PROPMOVER_TXT_100221,Lord Iblis Leanes,Señor Iblis Leanes
PROPMOVER_TXT_100222,Violet Halloween Puppet,Marioneta de Halloween Violeta
PROPMOVER_TXT_100223,Orange Halloween Puppet,Marioneta de Halloween Naranja
PROPMOVER_TXT_100224,Beige Halloween Puppet,Marioneta de Halloween Beige
PROPMOVER_TXT_100225,Pink Halloween Puppet,Marioneta de Halloween Rosa
PROPMOVER_TXT_100226,Grey Halloween Puppet,Marioneta de Halloween Gris
PROPMOVER_TXT_100227,White Halloween Puppet,Marioneta de Halloween Blanco
PROPMOVER_TXT_100228,Sport Pop Red Tiger,Tigre Pop Deportivo Rojo
PROPMOVER_TXT_100229,Sport Pop Blue Tiger,Tigre Pop Deportivo Azul
PROPMOVER_TXT_100230,Sport Pop Green Tiger,Tigre Pop Deportivo Verde
PROPMOVER_TXT_100231,Sport Pop Orange Tiger,Tigre Pop Deportivo Naranja
PROPMOVER_TXT_100232,Sport Pop Pink Tiger,Tigre Pop Deportivo Rosa
PROPMOVER_TXT_100233,Sport Pop Purple Tiger,Tigre Pop Deportivo Lila
PROPMOVER_TXT_100234,Purple Disco Poodle,Caniche Disco Lila
PROPMOVER_TXT_100235,Green Disco Poodle,Caniche Disco Verde
PROPMOVER_TXT_100236,Orange Disco Poodle,Caniche Disco Naranja
PROPMOVER_TXT_100237,Pink Disco Poodle,Caniche Disco Rosa
PROPMOVER_TXT_100238,Black Disco Poodle,Caniche Disco Negro
PROPMOVER_TXT_100239,Cyan Disco Poodle,Caniche Disco Cian
PROPMOVER_TXT_100240,Nine Tails,Nueve Colas
PROPMOVER_TXT_100241,Nero,Nero
PROPMOVER_TXT_100242,Thief Santa Monster,Monstruo Santa Ladrón
PROPMOVER_TXT_100243,Grumpy elf,Duende Gruñón
PROPMOVER_TXT_100250,Blue Winter Pixie,Duendecillo de Invierno Azul
PROPMOVER_TXT_100251,Green Winter Pixie,Duendecillo de Invierno Verde
PROPMOVER_TXT_100252,Purple Winter Pixie,Duendecillo de Invierno Lila
PROPMOVER_TXT_100253,Cyan Winter Pixie,Duendecillo de Invierno Cian
PROPMOVER_TXT_100254,Black Winter Pixie,Duendecillo de Invierno Negro
PROPMOVER_TXT_100255,White Winter Pixie,Duendecillo de Invierno Blanco
PROPMOVER_TXT_100256,Fu Lion King,Rey León Fu
PROPMOVER_TXT_100257,Black Winter Tiger,Tigre de Invierno Negro
PROPMOVER_TXT_100258,Pink Winter Tiger,Tigre de Invierno Rosa
PROPMOVER_TXT_100259,Green Winter Tiger ,Tigre de Invierno Verde
PROPMOVER_TXT_100260,Purple Winter Tiger ,Tigre de Invierno Lila
PROPMOVER_TXT_100261,Orange Winter Tiger ,Tigre de Invierno Naranja
PROPMOVER_TXT_100262,Cyan Winter Tiger ,Tigre de Invierno Cian
PROPMOVER_TXT_100263,Tonge,Tonge
PROPMOVER_TXT_100264,Fox,Zorro
PROPMOVER_TXT_100265,Mermaid Beauty,Belleza de Sirena
PROPMOVER_TXT_100266,Overgrown Shark,Tiburón Descuidado
PROPMOVER_TXT_100267,Grunt Gorilla,Gorila Gruñon
PROPMOVER_TXT_100268,Overgrown Spider,Araña Descuidada
PROPMOVER_TXT_100269,Temple Guardian,Guardián del Templo
PROPMOVER_TXT_100270,Sentient Tree Warrior,Guerrero Arbol Consciente
PROPMOVER_TXT_100271,Old Rut,Rut Vieja
PROPMOVER_TXT_100244,Skeletal Militant,Militante Esquelético
PROPMOVER_TXT_100245,Crystal Demon Lord,Señor de los Demonios Cristal
PROPMOVER_TXT_100246,Great Kraken,Gran Kraken
PROPMOVER_TXT_100247,Siren,Sirena
PROPMOVER_TXT_100248,Lurking Merman,Tritón al Acecho
PROPMOVER_TXT_100249,Cunning Merman,Tritón Astuto
PROPMOVER_TXT_001198,Great Catsy,Gran Catsy
PROPMOVER_TXT_001200,Great Harpy,Gran Harpy
PROPMOVER_TXT_001202,Great Gullah,Gran Gullah
PROPMOVER_TXT_001204,Great Abraxas,Gran Abraxas
PROPMOVER_TXT_001206,Great Hague,Gran Hague
PROPMOVER_TXT_001208,Great Tengu,Gran Tengu
PROPMOVER_TXT_001210,Great Asterius,Gran Asterius
PROPMOVER_TXT_001212,Great Dantalian,Gran Dantalian
PROPMOVER_TXT_001214,Great Gannessa,Gran Gannessa
PROPMOVER_TXT_001216,Great Asuras,Gran Asuras
PROPMOVER_TXT_001180,Small Nyx,Pequeño Nyx
PROPMOVER_TXT_001182,Nyx,Nyx
PROPMOVER_TXT_001184,Captain Nyx,Capitán Nyx
PROPMOVER_TXT_001186,Asmodan,Asmodan
PROPMOVER_TXT_001100,Small Harpy,Pequeño Harpy
PROPMOVER_TXT_001102,Harpy,Harpy
PROPMOVER_TXT_001104,Captain Harpy,Capitán Harpy
PROPMOVER_TXT_001106,Giant Harpy,Harpy Gigante
PROPMOVER_TXT_001108,Small Gullah,Gullah Pequeño
PROPMOVER_TXT_001110,Gullah,Gullah
PROPMOVER_TXT_001112,Captain Gullah,Capitán Gullah
PROPMOVER_TXT_001114,Giant Gullah,Gullah Gigante
PROPMOVER_TXT_001116,Small Abraxas,Abraxas Pequeño
PROPMOVER_TXT_001118,Abraxas,Abraxas
PROPMOVER_TXT_001120,Captain Abraxas,Capitán Abraxas
PROPMOVER_TXT_001122,Giant Abraxas,Abraxas Gigante
PROPMOVER_TXT_001124,Small Hague,Hague Pequeño
PROPMOVER_TXT_001126,Hague,Hague
PROPMOVER_TXT_001128,Captain Hague,Hague Capitán
PROPMOVER_TXT_001130,Giant Hague,Hague Gigante
PROPMOVER_TXT_001132,Small Tengu,Tengu Pequeño
PROPMOVER_TXT_001134,Tengu,Tengu
PROPMOVER_TXT_001136,Captain Tengu,Tengu Capitán
PROPMOVER_TXT_001138,Giant Tengu,Tengu Gigante
PROPMOVER_TXT_001140,Small Asterius,Asterius Pequeño
PROPMOVER_TXT_001142,Asterius,Asterius
PROPMOVER_TXT_001144,Captain Asterius,Asterius Capitán
PROPMOVER_TXT_001146,Giant Asterius,Asterius Gigante
PROPMOVER_TXT_001148,Small Dantalian,Dantalian Pequeño
PROPMOVER_TXT_001150,Dantalian,Dantalian
PROPMOVER_TXT_001152,Captain Dantalian,Dantalian Capitán
PROPMOVER_TXT_001154,Giant Dantalian,Dantalian Gigante
PROPMOVER_TXT_001156,Small Gannessa,Gannessa Pequeño
PROPMOVER_TXT_001158,Gannessa,Gannessa
PROPMOVER_TXT_001160,Captain Gannessa,Gannessa Capitán
PROPMOVER_TXT_001162,Giant Gannessa,Gannessa Gigante
PROPMOVER_TXT_001164,Small Asuras,Asuras Pequeño
PROPMOVER_TXT_001166,Asuras,Asuras
PROPMOVER_TXT_001168,Captain Asuras,Asuras Capitán
PROPMOVER_TXT_001170,Giant Asuras,Asuras Gigante
PROPMOVER_TXT_001172,Small Catsy,Catsy Pequeño
PROPMOVER_TXT_001174,Catsy,Catsy
PROPMOVER_TXT_001176,Giant Catsy,Catsy Gigante
PROPMOVER_TXT_001178,Captain Catsy,Catsy Capitán
PROPMOVER_TXT_001218,Knight 2,Caballero 2
PROPMOVER_TXT_001220,Knight 1,Caballero 1
PROPMOVER_TXT_001221,Queen Long Legs,Reina Piernas Largas
PROPMOVER_TXT_001222,Nightmist Empress,Emperatriz Niebla Nocturna
PROPMOVER_TXT_001223,Bolt Otem,Tornillo Otem
PROPMOVER_TXT_001224,Overgrown Broodmother,Madre de Linaje Descuidada
PROPMOVER_TXT_001225,Spiderling,Arañita
PROPMOVER_TXT_001226,Enraged Gorilla,Gorila Enfurecido
PROPMOVER_TXT_001227,Sentient Tree Guardian,Guardián Arbol Consciente
PROPMOVER_TXT_001228,Regal Kumai,Kumai Real
PROPMOVER_TXT_001229,Enchanted Rider,Jinete Encantado
PROPMOVER_TXT_001230,Enchanted Shaman,Chamán Encantado
PROPMOVER_TXT_001231,Enchanted AI,AI Encantado
PROPMOVER_TXT_001232,Pyramid Keeper,Guardián de la Pirámide
PROPMOVER_TXT_001233,Pyramid Guardian,Guardián Pirámide
PROPMOVER_TXT_001234,Defense Otem,Defensa Otem
PROPMOVER_TXT_001235,Skeleton General,General Esqueleto
PROPMOVER_TXT_230001,Enraged Yetti,Yeti Enfurecido
PROPMOVER_TXT_230002,Frozen Hare Guard,Guardia Liebre Congelado
PROPMOVER_TXT_230003,Saphyryan Hound,Sabueso Saphyryan
PROPMOVER_TXT_230004,Deep Cave Gorilla,Gorila de Cueva Profunda
PROPMOVER_TXT_230005,Caveman Chief,Jefe Cavernícola
PROPMOVER_TXT_230006,Cavern Larva,Larva de Caverna
PROPMOVER_TXT_230007,Radioactive Long Legs,Piernas Largas Radiactivas
PROPMOVER_TXT_230008,Cavern Nightmist,Caverna Niebla Nocturna
PROPMOVER_TXT_230009,Frozen Hare Assassin,Asesino Liebre Congelada
PROPMOVER_TXT_230010,Giant Turtle,Tortuga Gigante
PROPMOVER_TXT_230011,Kraken Spawn,Engendro kraken
PROPMOVER_TXT_010000,Orange Sleeping Fox,Zorro Durmiente Naranja
PROPMOVER_TXT_010001,Black Sleeping Fox,Zorro Durmiente Negro
PROPMOVER_TXT_010002,Blue Sleeping Fox,Zorro Durmiente Azul
PROPMOVER_TXT_010003,Green Sleeping Fox,Zorro Durmiente Verde
PROPMOVER_TXT_010004,Pink Sleeping Fox,Zorro Durmiente Rosa
PROPMOVER_TXT_010005,Purple Sleeping Fox,Zorro Durmiente Lila
PROPMOVER_TXT_010006,White Sleeping Fox,Zorro Durmiente Blanco
PROPMOVER_TXT_110000,Pink Valentine's Bear,Oso Rosa de San Valentín
PROPMOVER_TXT_110001,White Valentine's Bear,Oso Blanco de San Valentín
PROPMOVER_TXT_110002,Dark Valentine's Bear,Oso Negro de San Valentín
PROPMOVER_TXT_110003,Orange Valentine's Bear,Oso Naranja de San Valentín
PROPMOVER_TXT_110004,Green Valentine's Bear,Oso Verde de San Valentín
PROPMOVER_TXT_110005,Purple Valentine's Bear,Oso Lila de San Valentín
PROPMOVER_TXT_110006,Pink Little Cacti,Pequeños Cactus Rosa
PROPMOVER_TXT_110007,Green Little Cacti,Pequeños Cactus Verde
PROPMOVER_TXT_110008,Purple Little Cacti,Pequeños Cactus Lila
PROPMOVER_TXT_110009,Orange Little Cacti,Pequeños Cactus Naranja
PROPMOVER_TXT_110010,Red Little Cacti,Pequeños Cactus Rojo
PROPMOVER_TXT_110011,Cyan Little Cacti,Pequeños Cactus Cian
PROPMOVER_TXT_110012,Phantom General,General Fantasma
PROPMOVER_TXT_110013,Golden Aibatt,Aibatt Dorado
PROPMOVER_TXT_110014,Pink Modern Sports Bear,Oso Deportivo Moderno Rosa
PROPMOVER_TXT_110015,Blue Modern Sports Bear,Oso Deportivo Moderno Azul
PROPMOVER_TXT_110016,Green Modern Sports Bear,Oso Deportivo Moderno Verde
PROPMOVER_TXT_110017,Purple Modern Sports Bear,Oso Deportivo Moderno Lila
PROPMOVER_TXT_110018,Dark Modern Sports Bear,Oso Deportivo Moderno Oscuro
PROPMOVER_TXT_110019,Light Modern Sports Bear,Oso Deportivo Moderno Claro
PROPMOVER_TXT_110020,Pink Easter Bunny,Conejo de Pascua Rosa
PROPMOVER_TXT_110021,Pink Future Robot,Robot Futuro Rosa
PROPMOVER_TXT_110022,Purple Future Robot,Robot Futuro Lila
PROPMOVER_TXT_110023,Cyan Future Robot,Robot Futuro Cian
PROPMOVER_TXT_110024,Dark Future Robot,Robot Futuro Oscuro
PROPMOVER_TXT_110025,Green Future Robot,Robot Futuro Verde
PROPMOVER_TXT_110026,Blue Future Robot,Robot Futuro Azul
PROPMOVER_TXT_110027,Flying Egg,Huevo Volador
PROPMOVER_TXT_110028,Eggcellent,Eggcellent
PROPMOVER_TXT_110029,Blue Flying Bunny,Conejo Volador Azul
PROPMOVER_TXT_110030,Green Flying Bunny,Conejo Volador Verde
PROPMOVER_TXT_110031,Pink Flying Bunny,Conejo Volador Rosa
PROPMOVER_TXT_110032,Purple Flying Bunny,Conejo Volador Lila
PROPMOVER_TXT_110033,Brown Flying Bunny,Conejo Volador Marrón
PROPMOVER_TXT_110034,Black Flying Bunny,Conejo Volador Negro
PROPMOVER_TXT_110035,White Flying Bunny,Conejo Volador Blanco
PROPMOVER_TXT_110036,Hantiger,Hantiger
PROPMOVER_TXT_110037,Galaxy Scout,Explorador Galáctico
PROPMOVER_TXT_110038,Blue Hat Bunny,Gorro Conejo Azul
PROPMOVER_TXT_110039,Dark Hat Bunny,Gorro Conejo Oscuro
PROPMOVER_TXT_110040,Green Hat Bunny,Gorro Conejo Verde
PROPMOVER_TXT_110041,Orange Hat Bunny,Gorro Conejo Naranja
PROPMOVER_TXT_110042,Pink Hat Bunny,Gorro Conejo Rosa
PROPMOVER_TXT_110043,Purple Hat Bunny,Gorro Conejo Lila
PROPMOVER_TXT_110044,Black Hat Bunny,Gorro Conejo Negro
PROPMOVER_TXT_110045,White Hat Bunny,Gorro Conejo Blanco
PROPMOVER_TXT_110047,Gold Skeleton,Esqueleto de Oro
PROPMOVER_TXT_110048,Birthday Baker,Panadero Cumpleaños
PROPMOVER_TXT_110049,White Stripe Purple Bear,Oso Lila Raya Blanca
PROPMOVER_TXT_110050,White Stripe Blue Bear,Oso Azul Raya Blanca
PROPMOVER_TXT_110051,White Stripe Green Bear,Oso Verde Raya Blanca
PROPMOVER_TXT_110052,White Stripe Orange Bear,Oso Naranja Raya Blanca
PROPMOVER_TXT_110053,White Stripe Pink Bear,Oso Rosa Raya Blanca
PROPMOVER_TXT_110054,White Stripe Black Bear,Oso Negro Raya Blanca
PROPMOVER_TXT_110055,White Stripe White Bear,Oso Blanco Raya Blanca
PROPMOVER_TXT_110056,Lord Manager,Señor Gerente
PROPMOVER_TXT_110057,Black Japanese Piggy,Cerdito Japonés Negro
PROPMOVER_TXT_110058,Purple Japanese Piggy,Cerdito Japonés Lila
PROPMOVER_TXT_110059,Blue Japanese Piggy,Cerdito Japonés Azul
PROPMOVER_TXT_110060,Light Red Japanese Piggy,Cerdito Japonés Rojo Claro
PROPMOVER_TXT_110061,Orange Japanese Piggy,Cerdito Japonés Naranja
PROPMOVER_TXT_110062,White Japanese Piggy,Cerdito Japonés Blanco
PROPMOVER_TXT_110063,Light Japanese Piggy,Cerdito Japonés Claro
PROPMOVER_TXT_110064,Baby Carrierbomb,Portabombas Bebé
PROPMOVER_TXT_110065,Baby Fefern,Fefern Bebé
PROPMOVER_TXT_110066,Baby Wheelem,Wheelem Bebé
PROPMOVER_TXT_110067,Gacha Machine,Máquina Gacha
PROPMOVER_TXT_110068,Skating Cat,Gato Patinando
PROPMOVER_TXT_110069,Bach,Bach
PROPMOVER_TXT_110070,Neo Purple Robot,Robot Neo Lila
PROPMOVER_TXT_110071,Neo Green Robot,Robot Neo Verde
PROPMOVER_TXT_110072,Neo Orange Robot,Robot Neo Naranja
PROPMOVER_TXT_110073,Neo Yellow Robot,Robot Neo Amarillo
PROPMOVER_TXT_110074,Neo Black Robot,Robot Neo Negro
PROPMOVER_TXT_110075,Neo White Robot,Robot Neo Blanco
PROPMOVER_TXT_110076,Pink Flying Froggy,Rana Voladora Rosa
PROPMOVER_TXT_110077,Green Flying Froggy,Rana Voladora Verde
PROPMOVER_TXT_110078,Purple Flying Froggy,Rana Voladora Lila
PROPMOVER_TXT_110079,Red Flying Froggy,Rana Voladora Roja
PROPMOVER_TXT_110080,Black Flying Froggy,Rana Voladora Negra
PROPMOVER_TXT_110081,Blue Flying Froggy,Rana Voladora Azul
PROPMOVER_TXT_002016,Rex Potato,Patata Rex
PROPMOVER_TXT_002017,Prince Potato,Patata Príncipe
PROPMOVER_TXT_002159,Private Leo,Leo Privado
PROPMOVER_TXT_002160,Noah,Noah
PROPMOVER_TXT_110082,Draco,Draco
PROPMOVER_TXT_110083,Pink Axolotl,Ajolote Rosa
PROPMOVER_TXT_110084,Yellow Axolotl,Ajolote Amarillo
PROPMOVER_TXT_110085,Purple Axolotl,Ajolote Lila
PROPMOVER_TXT_110086,Blue Axolotl,Ajolote Azul
PROPMOVER_TXT_110087,Red Axolotl,Ajolote Rojo
PROPMOVER_TXT_110088,Black Axolotl,Ajolote Negro
PROPMOVER_TXT_110089,Traveling Merchant,Comerciante Ambulante
PROPMOVER_TXT_110046,Red Spirit Dragon,Dragón Espíritu Rojo
PROPMOVER_TXT_110090,Green Spirit Dragon,Dragón Espíritu Verde
PROPMOVER_TXT_110091,Yellow Spirit Dragon,Dragón Espíritu Amarillo
PROPMOVER_TXT_400000,Andrew,Andrew
PROPMOVER_TXT_110092,Molu,Molu
PROPMOVER_TXT_110093,Blue Flying Sheep,Oveja Voladora Azul
PROPMOVER_TXT_110094,Yellow Flying Sheep,Oveja Voladora Amarilla
PROPMOVER_TXT_110095,Red Flying Sheep,Oveja Voladora Roja
PROPMOVER_TXT_110096,Purple Flying Sheep,Oveja Voladora Lila
PROPMOVER_TXT_110097,Pink Flying Sheep,Oveja Voladora Rosa
PROPMOVER_TXT_110098,Black Flying Sheep,Oveja Voladora Negra
PROPMOVER_TXT_110100,Silver Aibatt,Aibatt de Plata
PROPMOVER_TXT_110151,Purple Floating Oni,Oni Flotante Lila
PROPMOVER_TXT_110152,Blue Floating Oni,Oni Flotante Azul
PROPMOVER_TXT_110153,Green Floating Oni,Oni Flotante Verde
PROPMOVER_TXT_110154,Red Floating Oni,Oni Flotante Rojo
PROPMOVER_TXT_110155,Ice Blue Floating Oni,Oni Flotante Azul Hielo
PROPMOVER_TXT_110156,Black Floating Oni,Oni Flotante Negro
PROPMOVER_TXT_110157,Orange Witch Cat,Gato Brujo Naranja
PROPMOVER_TXT_110158,Purple Witch Cat,Gato Brujo Lila
PROPMOVER_TXT_110159,Green Witch Cat,Gato Brujo Verde
PROPMOVER_TXT_110160,Red Witch Cat,Gato Brujo Rojo
PROPMOVER_TXT_110161,Blue Witch Cat,Gato Brujo Azul
PROPMOVER_TXT_110162,White Witch Cat,Gato Brujo Blanco
PROPMOVER_TXT_110163,Purple Phantocat,Fantasmagato Lila
PROPMOVER_TXT_110164,Blue Phantocat,Fantasmagato Azul
PROPMOVER_TXT_110165,Green Phantocat,Fantasmagato Verde
PROPMOVER_TXT_110166,Black Phantocat,Fantasmagato Negro
PROPMOVER_TXT_110167,Red Phantocat,Fantasmagato Rojo
PROPMOVER_TXT_110168,White Phantocat,Fantasmagato Blanco
PROPMOVER_TXT_210093,Prismatic Cobra,Cobra Prismática
PROPMOVER_TXT_210094,Twinstrike Cobra,Cobra Golpe Gemelo
PROPMOVER_TXT_210095,Tanuki Enforcer,Ejecutor Tanuki
PROPMOVER_TXT_210096,Tanuki Protector,Protector Tanuki
PROPMOVER_TXT_210097,Wildwood Stalker,Acechador Bosque Salvaje
PROPMOVER_TXT_210098,Wildwood Chieftain,Jefe Bosque Salvaje
PROPMOVER_TXT_210099,Beast King Khan,Rey Bestia Khan
PROPMOVER_TXT_210100,Small Kingster,Kingster Pequeño
PROPMOVER_TXT_110101,Kingster,Kingster
PROPMOVER_TXT_110102,Captain Kingster,Kingster Capitán
PROPMOVER_TXT_110103,Small Kraken,Kraken Pequeño
PROPMOVER_TXT_110104,Kraken,Kraken
PROPMOVER_TXT_110105,Captain Kraken,Kraken Capitán
PROPMOVER_TXT_110106,Small Creper,Creper Pequeño
PROPMOVER_TXT_110107,Creper,Creper
PROPMOVER_TXT_110108,Captain Creper,Creper Capitán
PROPMOVER_TXT_110109,Small Naga,Naga Pequeño
PROPMOVER_TXT_110110,Naga,Naga
PROPMOVER_TXT_110111,Captain Naga,Naga Capitán
PROPMOVER_TXT_110112,Small Atrox,Atrox Pequeño
PROPMOVER_TXT_110113,Atrox,Atrox
PROPMOVER_TXT_110114,Captain Atrox,Atrox Capitán
PROPMOVER_TXT_110115,Small Okean,Okean Pequeño
PROPMOVER_TXT_110116,Okean,Okean
PROPMOVER_TXT_110117,Captain Okean,Okean Capitán
PROPMOVER_TXT_110118,Small Tigar,Tigar Pequeño
PROPMOVER_TXT_110119,Tigar,Tigar
PROPMOVER_TXT_110120,Captain Tigar,Tigar Capitán
PROPMOVER_TXT_110121,Small Dorian,Dorian Pequeño
PROPMOVER_TXT_110122,Dorian,Dorian
PROPMOVER_TXT_110123,Captain Dorian,Dorian Capitán
PROPMOVER_TXT_110124,Small Meral,Meral Pequeño
PROPMOVER_TXT_110125,Meral,Meral
PROPMOVER_TXT_110126,Captain Meral,Meral Capitán
PROPMOVER_TXT_110127,Giant Kingster,Kingster Gigante
PROPMOVER_TXT_110128,Giant Kraken,Kraken Gigante
PROPMOVER_TXT_110129,Giant Creper,Creper Gigante
PROPMOVER_TXT_110130,Giant Naga,Naga Gigante
PROPMOVER_TXT_110131,Giant Atrox,Atrox Gigante
PROPMOVER_TXT_110132,Giant Okean,Okean Gigante
PROPMOVER_TXT_110133,Giant Tigar,Tigar Gigante
PROPMOVER_TXT_110134,Giant Dorian,Dorian Gigante
PROPMOVER_TXT_110135,Giant Meral,Meral Gigante
PROPMOVER_TXT_110136,Violet Kingster,Kingster Violeta
PROPMOVER_TXT_110137,Violet Kraken,Kraken Violeta
PROPMOVER_TXT_110138,Violet Creper,Creper Violeta
PROPMOVER_TXT_110139,Violet Naga,Naga Violeta
PROPMOVER_TXT_110140,Violet Atrox,Atrox Violeta
PROPMOVER_TXT_110141,Violet Okean,Okean Violeta
PROPMOVER_TXT_110142,Violet Tigar,Tigar Violeta
PROPMOVER_TXT_110143,Violet Dorian,Dorian Violeta
PROPMOVER_TXT_110144,Violet Meral,Meral Violeta
PROPMOVER_TXT_110145,Blue Flying Sheep,Oveja Voladora Azul
PROPMOVER_TXT_110146,Yellow Flying Sheep,Oveja Voladora Amarilla
PROPMOVER_TXT_110147,Red Flying Sheep,Oveja Voladora Roja
PROPMOVER_TXT_110148,Purple Flying Sheep,Oveja Voladora Lila
PROPMOVER_TXT_110149,Pink Flying Sheep,Oveja Voladora Rosa
PROPMOVER_TXT_110150,Black Flying Sheep,Oveja Voladora Negra
PROPMOVER_TXT_210151,Rainbow Race Officer,Oficial Carrera Arcoíris
PROPMOVER_TXT_210152,Water Totem Pole,Polo Tótem Agua
PROPMOVER_TXT_210153,Wind Totem Pole,Polo Tótem Viento
PROPMOVER_TXT_210154,Earth Totem Pole,Polo Tótem Tierra
PROPMOVER_TXT_210155,Fire Totem Pole,Polo Tótem Fuego
PROPMOVER_TXT_210156,Electric Totem Pole,Polo Tótem Eléctrico
PROPMOVER_TXT_210157,Twinstrike Den Mother,Madre Guarida Golpe Gemelo
PROPMOVER_TXT_210158,The Wilds Guard,Guardia Los Salvajes
PROPMOVER_TXT_210159,Pau Pau,Pau Pau
PROPMOVER_TXT_210160,Kammie,Kammie
PROPMOVER_TXT_210161,BoBu,BoBu
PROPMOVER_TXT_210162,Talus,Talus
PROPMOVER_TXT_210163,Inventor Remi,Remi Inventor
PROPMOVER_TXT_210164,Sunny Pang,Pang Soleado
PROPMOVER_TXT_210165,'s Artifact,El Artefacto
PROPMOVER_TXT_210166,Tanuki Trainee,Aprendiz Tanuki
PROPMOVER_TXT_210167,Wildwood Shaman,Chamán Bosque Salvaje
PROPMOVER_TXT_001312,Charlie,Charlie
PROPMOVER_TXT_210168,Red Patrol Dog,Perro Patrulla Roja
PROPMOVER_TXT_210169,Purple Patrol Dog,Perro Patrulla Lila
PROPMOVER_TXT_210170,Cyan Patrol Dog,Perro Patrulla Cian
PROPMOVER_TXT_210171,Blue Patrol Dog,Perro Patrulla Azul
PROPMOVER_TXT_210172,Black Patrol Dog,Perro Patrulla Negro
PROPMOVER_TXT_210173,White Patrol Dog,Perro Patrulla Blanco
PROPMOVER_TXT_110169,Wild Turkey,Pavo Salvaje
PROPMOVER_TXT_210174,Red Rolling Clown,Payaso Rodante Rojo
PROPMOVER_TXT_210175,Purple Rolling Clown,Payaso Rodante Lila
PROPMOVER_TXT_210176,Green Rolling Clown,Payaso Rodante Verde
PROPMOVER_TXT_210177,Pink Rolling Clown,Payaso Rodante Rosa
PROPMOVER_TXT_210178,Blue Rolling Clown,Payaso Rodante Azul
PROPMOVER_TXT_210179,White Rolling Clown,Payaso Rodante Blanco
PROPMOVER_TXT_001313,Thief Santa,Santa Ladrón
PROPMOVER_TXT_001314,Santa,Santa
PROPMOVER_TXT_400001,Red Snowman,Snowman Rojo
PROPMOVER_TXT_400002,Purple Snowman,Snowman Lila
PROPMOVER_TXT_400003,Pink Snowman,Snowman Rosa
PROPMOVER_TXT_400004,Green Snowman,Snowman Verde
PROPMOVER_TXT_400005,Blue Snowman,Snowman Azul
PROPMOVER_TXT_400006,Black Snowman,Snowman Negro
PROPMOVER_TXT_400007,Red Snowy Cat,Gato Snowy Rojo
PROPMOVER_TXT_400008,Pink Snowy Cat,Gato Snowy Rosa
PROPMOVER_TXT_400009,Green Snowy Cat,Gato Snowy Verde
PROPMOVER_TXT_400010,Blue Snowy Cat,Gato Snowy Azul
PROPMOVER_TXT_400011,Purple Snowy Cat,Gato Snowy Lila
PROPMOVER_TXT_400012,Black Snowy Cat,Gato Snowy Negro
PROPMOVER_TXT_400013,Blue Wonderful Dog,Perro Maravilloso Azul
PROPMOVER_TXT_400014,Pink Wonderful Dog,Perro Maravilloso Rosa
PROPMOVER_TXT_400015,Green Wonderful Dog,Perro Maravilloso Verde
PROPMOVER_TXT_400016,Yellow Wonderful Dog,Perro Maravilloso Amarillo
PROPMOVER_TXT_400017,Purple Wonderful Dog,Perro Maravilloso Lila
PROPMOVER_TXT_400018,Red Wonderful Dog,Perro Maravilloso Rojo
PROPMOVER_TXT_001316,Guest Book,Libro de visitas
PROPMOVER_TXT_001315,Kalgas,Kalgas
PROPMOVER_TXT_001317,Artifact,Artifact
PROPMOVER_TXT_400019,Brown Cub,Brown Cub
PROPMOVER_TXT_400020,Purple Cub,Purple Cub
PROPMOVER_TXT_400021,Blue Cub,Blue Cub
PROPMOVER_TXT_400022,Green Cub,Green Cub
PROPMOVER_TXT_400023,White Cub,White Cub
PROPMOVER_TXT_400024,Black Cub,Black Cub
PROPMOVER_TXT_400025,Event Greemong,Event Greemong
PROPMOVER_TXT_400200,[Event] Giant Wagsaac,[Event] Giant Wagsaac
PROPMOVER_TXT_400201,[Event] Giant Jack the Hammer,[Event] Giant Jack the Hammer
PROPMOVER_TXT_400202,[Event] Giant Bucrow,[Event] Giant Bucrow
PROPMOVER_TXT_400203,[Event] Giant Totemia,[Event] Giant Totemia
PROPMOVER_TXT_400204,[Event] Giant Wheelem,[Event] Giant Wheelem
PROPMOVER_TXT_400205,[Event] Giant Hoppre,[Event] Giant Hoppre
PROPMOVER_TXT_400206,[Event] Giant Mushpoie,[Event] Giant Mushpoie
PROPMOVER_TXT_400207,[Event] Giant Watangka,[Event] Giant Watangka
PROPMOVER_TXT_400208,[Event] Giant Fafnir,[Event] Giant Fafnir
PROPMOVER_TXT_400209,[Event] Giant Gorruda,[Event] Giant Gorruda
PROPMOVER_TXT_400210,[Event] Giant Medumet,[Event] Giant Medumet
PROPMOVER_TXT_400211,[Event] Glacial Augu,[Event] Glacial Augu
PROPMOVER_TXT_400212,[Event] Ghost of the forgotten Overlord,[Event] Ghost of the forgotten Overlord
PROPMOVER_TXT_400213,[Event] Giant Asuras,[Event] Giant Asuras
PROPMOVER_TXT_400214,[Event] Giant Tigar,[Event] Giant Tigar
PROPMOVER_TXT_400215,[Event] Captain Flybat,[Event] Captain Flybat
PROPMOVER_TXT_400216,[Event] Mr. Pumpkin,[Event] Mr. Pumpkin
PROPMOVER_TXT_400217,[Event] Dumb Bull,[Event] Dumb Bull
PROPMOVER_TXT_400218,[Event] Scorpicon,[Event] Scorpicon
PROPMOVER_TXT_400219,[Event] Wheelem,[Event] Wheelem
PROPMOVER_TXT_400220,[Event] Steel Knight,[Event] Steel Knight
PROPMOVER_TXT_400221,[Event] Driller,[Event] Driller
PROPMOVER_TXT_400222,[Event] Captian Volt,[Event] Captian Volt
PROPMOVER_TXT_400223,[Event] Greemong,[Event] Greemong
PROPMOVER_TXT_400224,[Event] Iren,[Event] Iren
PROPMOVER_TXT_400225,[Event] Watangka,[Event] Watangka
PROPMOVER_TXT_400226,[Event] Small Antiquery,[Event] Small Antiquery
PROPMOVER_TXT_400227,[Event] Antiquery,[Event] Antiquery
PROPMOVER_TXT_400228,[Event] Luia,[Event] Luia
PROPMOVER_TXT_400229,[Event] Small Gongury,[Event] Small Gongury
PROPMOVER_TXT_400230,[Event] Harpy,[Event] Harpy
PROPMOVER_TXT_400231,[Event] Kern,[Event] Kern
PROPMOVER_TXT_400232,[Event] Small Medumet,[Event] Small Medumet
PROPMOVER_TXT_400233,[Event] Yetti,[Event] Yetti
PROPMOVER_TXT_400234,[Event] Small Dantalian,[Event] Small Dantalian
PROPMOVER_TXT_400235,[Event] Mutant Augu,[Event] Mutant Augu
PROPMOVER_TXT_400236,[Event] Ghost of the forgotten king,[Event] Ghost of the forgotten king
PROPMOVER_TXT_400237,[Event] Small Asuras,[Event] Small Asuras
PROPMOVER_TXT_400238,[Event] Mammoth,[Event] Mammoth
PROPMOVER_TXT_400239,[Event] Asuras,[Event] Asuras
PROPMOVER_TXT_400240,[Event] Cannibal Mammoth,[Event] Cannibal Mammoth
PROPMOVER_TXT_400241,[Event] Meral,[Event] Meral
PROPMOVER_TXT_400026,Blue Pixel Rabbit,Blue Pixel Rabbit
PROPMOVER_TXT_400027,Red Pixel Rabbit,Red Pixel Rabbit
PROPMOVER_TXT_400028,Green Pixel Rabbit,Green Pixel Rabbit
PROPMOVER_TXT_400029,Pink Pixel Rabbit,Pink Pixel Rabbit
PROPMOVER_TXT_400030,Purple Pixel Rabbit,Purple Pixel Rabbit
PROPMOVER_TXT_400031,Yellow Pixel Rabbit,Yellow Pixel Rabbit
PROPMOVER_TXT_001319,[Event] Leyena,[Event] Leyena
PROPMOVER_TXT_001321,[Event] Giant Kraken,[Event] Giant Kraken
PROPMOVER_TXT_400032,[Event] Giggle Box,[Event] Giggle Box
PROPMOVER_TXT_400033,[Event] Violet Giggle Box,[Event] Violet Giggle Box
PROPMOVER_TXT_400034,Fox Spirit,Fox Spirit
PROPMOVER_TXT_400035,Ninja Toad,Ninja Toad
PROPMOVER_TXT_400036,Steambot,Steambot
PROPMOVER_TXT_400037,White Lion,White Lion
PROPMOVER_TXT_400038,Phio,Phio
PROPMOVER_TXT_400242,Black Anniversary Cat,Black Anniversary Cat
PROPMOVER_TXT_400243,Purple Anniversary Cat,Purple Anniversary Cat
PROPMOVER_TXT_400244,Pink Anniversary Cat,Pink Anniversary Cat
PROPMOVER_TXT_400245,Green Anniversary Cat,Green Anniversary Cat
PROPMOVER_TXT_400246,Cyan Anniversary Cat,Cyan Anniversary Cat
PROPMOVER_TXT_400247,Blue Anniversary Cat,Blue Anniversary Cat
PROPMOVER_TXT_400248,White Anniversary Cat,White Anniversary Cat
PROPMOVER_TXT_400249,Lord Trangfoma,Lord Trangfoma
PROPMOVER_TXT_400250,Shadow of Clockworks,Shadow of Clockworks
PROPMOVER_TXT_400251,Blue Magical Toad,Blue Magical Toad
PROPMOVER_TXT_400252,Pink Magical Toad,Pink Magical Toad
PROPMOVER_TXT_400253,Orange Magical Toad,Orange Magical Toad
PROPMOVER_TXT_400254,Green Magical Toad,Green Magical Toad
PROPMOVER_TXT_400255,Red Magical Toad,Red Magical Toad
PROPMOVER_TXT_400256,Dark Magical Toad,Dark Magical Toad
PROPMOVER_TXT_400258,[Event] Creper,[Event] Creper
PROPMOVER_TXT_400259,[Event] Violet Creper,[Event] Violet Creper
PROPMOVER_TXT_400260,Red Earless Seal,Red Earless Seal
PROPMOVER_TXT_400261,Purple Earless Seal,Purple Earless Seal
PROPMOVER_TXT_400262,Burgundy Earless Seal,Burgundy Earless Seal
PROPMOVER_TXT_400263,Pink Earless Seal,Pink Earless Seal
PROPMOVER_TXT_400264,Orange Earless Seal,Orange Earless Seal
PROPMOVER_TXT_400265,Blue Earless Seal,Blue Earless Seal
PROPMOVER_TXT_400266,White Earless Seal,White Earless Seal
PROPMOVER_TXT_400267,Brown Butterflies,Brown Butterflies
PROPMOVER_TXT_400268,Purple Butterflies,Purple Butterflies
PROPMOVER_TXT_400269,Green Butterflies,Green Butterflies
PROPMOVER_TXT_400270,Pink Butterflies,Pink Butterflies
PROPMOVER_TXT_400271,Red Butterflies,Red Butterflies
PROPMOVER_TXT_400272,White Butterflies,White Butterflies
PROPMOVER_TXT_400273,Black Butterflies,Black Butterflies
PROPMOVER_TXT_400274,Green DJ Froggy,Green DJ Froggy
PROPMOVER_TXT_400275,Red DJ Froggy,Red DJ Froggy
PROPMOVER_TXT_400276,Purple DJ Froggy,Purple DJ Froggy
PROPMOVER_TXT_400277,Pink DJ Froggy,Pink DJ Froggy
PROPMOVER_TXT_400278,Cyan DJ Froggy,Cyan DJ Froggy
PROPMOVER_TXT_400279,Blue DJ Froggy,Blue DJ Froggy
PROPMOVER_TXT_400280,Black DJ Froggy,Black DJ Froggy
PROPMOVER_TXT_400281,Lord Demian,Lord Demian
PROPMOVER_TXT_400282,Lord Mushpang,Lord Mushpang
PROPMOVER_TXT_400283,Yellow Junior Banana Hero,Yellow Junior Banana Hero
PROPMOVER_TXT_400284,Purple Junior Banana Hero,Purple Junior Banana Hero
PROPMOVER_TXT_400285,Orange Junior Banana Hero,Orange Junior Banana Hero
PROPMOVER_TXT_400286,Blue Junior Banana Hero,Blue Junior Banana Hero
PROPMOVER_TXT_400287,Green Junior Banana Hero,Green Junior Banana Hero
PROPMOVER_TXT_400288,Pink Junior Banana Hero,Pink Junior Banana Hero
PROPMOVER_TXT_400289,White Junior Banana Hero,White Junior Banana Hero
PROPMOVER_TXT_400290,Lord Zenma,Lord Zenma
PROPMOVER_TXT_400291,[Event] Pirate ship,[Event] Pirate ship
PROPMOVER_TXT_400292,Shadowirs,Shadowirs
PROPMOVER_TXT_400293,Captain Shadowirs,Captain Shadowirs
PROPMOVER_TXT_400294,Giant Shadowirs,Giant Shadowirs
PROPMOVER_TXT_400295,Small Skelmaw,Small Skelmaw
PROPMOVER_TXT_400296,Skelmaw,Skelmaw
PROPMOVER_TXT_400297,Captain Skelmaw,Captain Skelmaw
PROPMOVER_TXT_400298,Giant Skelmaw,Giant Skelmaw
PROPMOVER_TXT_400299,Alchemy Desk,Alchemy Desk
PROPMOVER_TXT_400300,Hearth,Hearth
PROPMOVER_TXT_400301,Carpentry Workspace,Carpentry Workspace
PROPMOVER_TXT_400302,Smithing Workspace,Smithing Workspace
PROPMOVER_TXT_400303,Wandering Merchant,Wandering Merchant
PROPMOVER_TXT_400304,Small Maleficar,Small Maleficar
PROPMOVER_TXT_400305,Maleficar,Maleficar
PROPMOVER_TXT_400306,Captain Maleficar,Captain Maleficar
PROPMOVER_TXT_400307,Giant Maleficar,Giant Maleficar
PROPMOVER_TXT_400308,Small Cursed Warden,Small Cursed Warden
PROPMOVER_TXT_400309,Cursed Warden,Cursed Warden
PROPMOVER_TXT_400310,Captain Cursed Warden,Captain Cursed Warden
PROPMOVER_TXT_400311,Giant Cursed Warden,Giant Cursed Warden
PROPMOVER_TXT_400312,Small Shadowirs,Small Shadowirs
PROPMOVER_TXT_400313,Great Shadowirs,Great Shadowirs
PROPMOVER_TXT_400314,Great Skelmaw,Great Skelmaw
PROPMOVER_TXT_400315,Great Maleficar,Great Maleficar
PROPMOVER_TXT_400316,Great Cursed Warden,Great Cursed Warden
PROPMOVER_TXT_400317,Cyan Gloomie,Cyan Gloomie
PROPMOVER_TXT_400318,Green Gloomie,Green Gloomie
PROPMOVER_TXT_400319,Blue Gloomie,Blue Gloomie
PROPMOVER_TXT_400320,Purple Gloomie,Purple Gloomie
PROPMOVER_TXT_400321,Red Gloomie,Red Gloomie
PROPMOVER_TXT_400322,Gray Gloomie,Gray Gloomie
PROPMOVER_TXT_400323,Blue Medieval Horse,Blue Medieval Horse
PROPMOVER_TXT_400324,Purple Medieval Horse,Purple Medieval Horse
PROPMOVER_TXT_400325,Cyan Medieval Horse,Cyan Medieval Horse
PROPMOVER_TXT_400326,Green Medieval Horse,Green Medieval Horse
PROPMOVER_TXT_400327,Red Medieval Horse,Red Medieval Horse
PROPMOVER_TXT_400328,Black Medieval Horse,Black Medieval Horse
PROPMOVER_TXT_400329,Captain Luminfin,Captain Luminfin
PROPMOVER_TXT_400330,[Depths Guardian] Bunyip,[Depths Guardian] Bunyip
PROPMOVER_TXT_400331,[Depths Queen] Nereid,[Depths Queen] Nereid
PROPMOVER_TXT_400332,Sovann,Sovann
PROPMOVER_TXT_400333,[Shade Lieutenant] Kriton,[Shade Lieutenant] Kriton
PROPMOVER_TXT_400334,Dreadfin,Dreadfin
PROPMOVER_TXT_400335,Captain Dreadfin,Captain Dreadfin
PROPMOVER_TXT_400336,Dreadscale,Dreadscale
PROPMOVER_TXT_400337,Captain Dreadscale,Captain Dreadscale
PROPMOVER_TXT_400338,Luminfin,Luminfin
PROPMOVER_TXT_400339,Hyuna,Hyuna
PROPMOVER_TXT_400350,[Event] Christmas Aibatt,[Event] Christmas Aibatt
PROPMOVER_TXT_400351,Blue Cobra,Blue Cobra
PROPMOVER_TXT_400340,Red Christmas Gingy,Red Christmas Gingy
PROPMOVER_TXT_400341,Green Christmas Gingy,Green Christmas Gingy
PROPMOVER_TXT_400342,Pink Christmas Gingy,Pink Christmas Gingy
PROPMOVER_TXT_400343,Orange Christmas Gingy,Orange Christmas Gingy
PROPMOVER_TXT_400344,Purple Christmas Gingy,Purple Christmas Gingy
PROPMOVER_TXT_400345,Blue Christmas Gingy,Blue Christmas Gingy
PROPMOVER_TXT_400352,Green Little Snaky,Green Little Snaky
PROPMOVER_TXT_400353,Purple Little Snaky,Purple Little Snaky
PROPMOVER_TXT_400354,Pink Little Snaky,Pink Little Snaky
PROPMOVER_TXT_400355,Blue Little Snaky,Blue Little Snaky
PROPMOVER_TXT_400356,Red Little Snaky,Red Little Snaky
PROPMOVER_TXT_400357,Emerald Little Snaky,Emerald Little Snaky
PROPMOVER_TXT_400358,Black Little Snaky,Black Little Snaky
PROPMOVER_TXT_400359,Purple Frostpaw,Purple Frostpaw
PROPMOVER_TXT_400360,Yellow Frostpaw,Yellow Frostpaw
PROPMOVER_TXT_400361,Blue Frostpaw,Blue Frostpaw
PROPMOVER_TXT_400362,Green Frostpaw,Green Frostpaw
PROPMOVER_TXT_400363,Pink Frostpaw,Pink Frostpaw
PROPMOVER_TXT_400364,Red Frostpaw,Red Frostpaw
PROPMOVER_TXT_400365,White Frostpaw,White Frostpaw
PROPMOVER_TXT_400366,Black Frostpaw,Black Frostpaw
PROPMOVER_TXT_400367,Red Roaryen,Red Roaryen
PROPMOVER_TXT_400368,Purple Roaryen,Purple Roaryen
PROPMOVER_TXT_400369,Blue Roaryen,Blue Roaryen
PROPMOVER_TXT_400370,Green Roaryen,Green Roaryen
PROPMOVER_TXT_400371,White Roaryen,White Roaryen
PROPMOVER_TXT_400372,Black Roaryen,Black Roaryen
PROPMOVER_TXT_001236,Mechamochi,Mechamochi
PROPMOVER_TXT_001237,[Event] Clockworks,[Event] Clockworks
PROPMOVER_TXT_001238,Baby Pang,Baby Pang
PROPMOVER_TXT_400373,Lord Mothbee,Lord Mothbee
PROPMOVER_TXT_400374,Lord Zendros,Lord Zendros
PROPMOVER_TXT_400375,Lord Dumb Bull,Lord Dumb Bull
PROPMOVER_TXT_400376,Lord Totemia,Lord Totemia
PROPMOVER_TXT_400377,Lord Flybrigen,Lord Flybrigen
PROPMOVER_TXT_400378,Lord Neparuba,Lord Neparuba
PROPMOVER_TXT_400379,Lord Rockepeller,Lord Rockepeller
PROPMOVER_TXT_400380,Lord Longwing,Lord Longwing
PROPMOVER_TXT_400381,Lord Shuhamma,Lord Shuhamma
PROPMOVER_TXT_400382,Lord Watangka,Lord Watangka
PROPMOVER_TXT_400383,Lord Fafnir,Lord Fafnir
PROPMOVER_TXT_400384,Lord Gorruda,Lord Gorruda
PROPMOVER_TXT_400385,Lord Mammoth,Lord Mammoth
PROPMOVER_TXT_400386,Ghost of the Forgotten Lord,Ghost of the Forgotten Lord
PROPMOVER_TXT_400387,Lord Augu,Lord Augu
PROPMOVER_TXT_400388,Overlord Kraken,Overlord Kraken
PROPMOVER_TXT_400389,Lord Dorian,Lord Dorian
PROPMOVER_TXT_400390,Lord Okean,Lord Okean
PROPMOVER_TXT_400391,Lord Naga,Lord Naga
PROPMOVER_TXT_400392,Overlord Naga,Overlord Naga
PROPMOVER_TXT_400393,Overlord Meral,Overlord Meral
PROPMOVER_TXT_400394,Lord Tigar,Lord Tigar
PROPMOVER_TXT_400395,Pink Guardian Easter Bunny,Pink Guardian Easter Bunny
PROPMOVER_TXT_400396,Green Guardian Easter Bunny,Green Guardian Easter Bunny
PROPMOVER_TXT_400397,Blue Guardian Easter Bunny,Blue Guardian Easter Bunny
PROPMOVER_TXT_400398,Orange Guardian Easter Bunny,Orange Guardian Easter Bunny
PROPMOVER_TXT_400399,Purple Guardian Easter Bunny,Purple Guardian Easter Bunny
PROPMOVER_TXT_400400,Dark Guardian Easter Bunny,Dark Guardian Easter Bunny
PROPMOVER_TXT_400401,Lord Yetti,Lord Yetti
PROPMOVER_TXT_400402,Purple Pawsy,Purple Pawsy
PROPMOVER_TXT_400403,Red Pawsy,Red Pawsy
PROPMOVER_TXT_400404,Green Pawsy,Green Pawsy
PROPMOVER_TXT_400405,Blue Pawsy,Blue Pawsy
PROPMOVER_TXT_400406,Magenta Pawsy,Magenta Pawsy
PROPMOVER_TXT_400407,Lavender Pawsy,Lavender Pawsy
PROPMOVER_TXT_400408,Pink Pawsy,Pink Pawsy
PROPMOVER_TXT_400409,Gray Pawsy,Gray Pawsy
PROPMOVER_TXT_400410,Orange Flumos,Orange Flumos
PROPMOVER_TXT_400411,Purple Flumos,Purple Flumos
PROPMOVER_TXT_400412,Red Flumos,Red Flumos
PROPMOVER_TXT_400413,Blue Flumos,Blue Flumos
PROPMOVER_TXT_400414,Green Flumos,Green Flumos
PROPMOVER_TXT_400415,Yellow Flumos,Yellow Flumos
PROPMOVER_TXT_400416,White Flumos,White Flumos
PROPMOVER_TXT_400417,Black Flumos,Black Flumos
PROPMOVER_TXT_400418,Wounded Revolutionary,Wounded Revolutionary
PROPMOVER_TXT_400419,Yellow Breezy,Yellow Breezy
PROPMOVER_TXT_400420,Purple Breezy,Purple Breezy
PROPMOVER_TXT_400421,Blue Breezy,Blue Breezy
PROPMOVER_TXT_400422,Pink Breezy,Pink Breezy
PROPMOVER_TXT_400423,White Breezy,White Breezy
PROPMOVER_TXT_400424,Black Breezy,Black Breezy
PROPMOVER_TXT_400425,Blue Pawsh,Blue Pawsh
PROPMOVER_TXT_400426,Pink Pawsh,Pink Pawsh
PROPMOVER_TXT_400427,Orange Pawsh,Orange Pawsh
PROPMOVER_TXT_400428,Green Pawsh,Green Pawsh
PROPMOVER_TXT_400429,Navy Pawsh,Navy Pawsh
PROPMOVER_TXT_400430,Red Pawsh,Red Pawsh
PROPMOVER_TXT_400431,Fortune Pang,Fortune Pang
PROPMOVER_TXT_400432,Orange Marshall,Orange Marshall
PROPMOVER_TXT_400433,Green Marshall,Green Marshall
PROPMOVER_TXT_400434,Cyan Marshall,Cyan Marshall
PROPMOVER_TXT_400435,Purple Marshall,Purple Marshall
PROPMOVER_TXT_400436,Red Marshall,Red Marshall
PROPMOVER_TXT_400437,Neon Marshall,Neon Marshall
PROPMOVER_TXT_400438,Brown Strawy Jack,Brown Strawy Jack
PROPMOVER_TXT_400439,Maroon Strawy Jack,Maroon Strawy Jack
PROPMOVER_TXT_400440,Green Strawy Jack,Green Strawy Jack
PROPMOVER_TXT_400441,Purple Strawy Jack,Purple Strawy Jack
PROPMOVER_TXT_400442,Olive Strawy Jack,Olive Strawy Jack
PROPMOVER_TXT_400443,Blue Strawy Jack,Blue Strawy Jack
PROPMOVER_TXT_400444,Black Strawy Jack,Black Strawy Jack
PROPMOVER_TXT_400445,White Strawy Jack,White Strawy Jack
PROPMOVER_TXT_400446,[Event] Giant Mr. Pumpkin,[Event] Giant Mr. Pumpkin
PROPMOVER_TXT_400447,Green Frogzy,Green Frogzy
PROPMOVER_TXT_400448,Yellow Frogzy,Yellow Frogzy
PROPMOVER_TXT_400449,Pink Frogzy,Pink Frogzy
PROPMOVER_TXT_400450,Purple Frogzy,Purple Frogzy
PROPMOVER_TXT_400451,Cyan Frogzy,Cyan Frogzy
PROPMOVER_TXT_400452,Mint Green Frogzy,Mint Green Frogzy
PROPMOVER_TXT_400453,Black Frogzy,Black Frogzy
PROPMOVER_TXT_400454,White Frogzy,White Frogzy
PROPMOVER_TXT_400455,Orange Whispero,Orange Whispero
PROPMOVER_TXT_400456,Yellow Whispero,Yellow Whispero
PROPMOVER_TXT_400457,Pink Whispero,Pink Whispero
PROPMOVER_TXT_400458,Purple Whispero,Purple Whispero
PROPMOVER_TXT_400459,Blue Whispero,Blue Whispero
PROPMOVER_TXT_400460,Green Whispero,Green Whispero
PROPMOVER_TXT_400461,Black Whispero,Black Whispero
PROPMOVER_TXT_400462,White Whispero,White Whispero
PROPMOVER_TXT_400463,Green Mecha Rabbit,Green Mecha Rabbit
PROPMOVER_TXT_400464,Orange Mecha Rabbi,Orange Mecha Rabbi
PROPMOVER_TXT_400465,Red Mecha Rabbit,Red Mecha Rabbit
PROPMOVER_TXT_400466,Pink Mecha Rabbit,Pink Mecha Rabbit
PROPMOVER_TXT_400467,Purple Mecha Rabbi,Purple Mecha Rabbi
PROPMOVER_TXT_400468,Blue Mecha Rabbit,Blue Mecha Rabbit
PROPMOVER_TXT_400469,Black Mecha Rabbit,Black Mecha Rabbit
PROPMOVER_TXT_400470,White Mecha Rabbit,White Mecha Rabbit
PROPMOVER_TXT_400471,Hellhound,Hellhound
PROPMOVER_TXT_500001,Kanrang,Kanrang
PROPMOVER_TXT_500002,Mewrang,Mewrang
PROPMOVER_TXT_500003,Relgantus,Relgantus
PROPMOVER_TXT_500004,Huntrang,Huntrang
PROPMOVER_TXT_500005,Mawrang,Mawrang
PROPMOVER_TXT_500006,Cheirang,Cheirang
PROPMOVER_TXT_500007,Bato,Bato
PROPMOVER_TXT_500008,Ralbadan,Ralbadan
PROPMOVER_TXT_500009,Miorang,Miorang
PROPMOVER_TXT_500010,Ruidan,Ruidan
PROPMOVER_TXT_500011,Weevs,Weevs
PROPMOVER_TXT_500012,Small Hundur Sharpfoot,Small Hundur Sharpfoot
PROPMOVER_TXT_500013,Hundur Sharpfoot,Hundur Sharpfoot
PROPMOVER_TXT_500014,Captain Hundur Sharpfoot,Captain Hundur Sharpfoot
PROPMOVER_TXT_500015,Giant Hundur Sharpfoot,Giant Hundur Sharpfoot
PROPMOVER_TXT_500016,Violet Hundur Sharpfoot,Violet Hundur Sharpfoot
PROPMOVER_TXT_500017,Small Samoset,Small Samoset
PROPMOVER_TXT_500018,Samoset,Samoset
PROPMOVER_TXT_500019,Captain Samoset,Captain Samoset
PROPMOVER_TXT_500020,Giant Samoset,Giant Samoset
PROPMOVER_TXT_500021,Violet Samoset,Violet Samoset
PROPMOVER_TXT_500022,Small Kyouchish,Small Kyouchish
PROPMOVER_TXT_500023,Kyouchish,Kyouchish
PROPMOVER_TXT_500024,Captain Kyouchish,Captain Kyouchish
PROPMOVER_TXT_500025,Giant Kyouchish,Giant Kyouchish
PROPMOVER_TXT_500026,Violet Kyouchish,Violet Kyouchish
PROPMOVER_TXT_500027,Small Kanonicus,Small Kanonicus
PROPMOVER_TXT_500028,Kanonicus,Kanonicus
PROPMOVER_TXT_500029,Captain Kanonicus,Captain Kanonicus
PROPMOVER_TXT_500030,Giant Kanonicus,Giant Kanonicus
PROPMOVER_TXT_500031,Violet Kanonicus,Violet Kanonicus
PROPMOVER_TXT_500032,Small Mage Redcloud,Small Mage Redcloud
PROPMOVER_TXT_500033,Mage Redcloud,Mage Redcloud
PROPMOVER_TXT_500034,Captain Mage Redcloud,Captain Mage Redcloud
PROPMOVER_TXT_500035,Giant Mage Redcloud,Giant Mage Redcloud
PROPMOVER_TXT_500036,Violet Mage Redcloud,Violet Mage Redcloud
PROPMOVER_TXT_500037,Small Taiaha,Small Taiaha
PROPMOVER_TXT_500038,Taiaha,Taiaha
PROPMOVER_TXT_500039,Captain Taiaha,Captain Taiaha
PROPMOVER_TXT_500040,Giant Taiaha,Giant Taiaha
PROPMOVER_TXT_500041,Violet Taiaha,Violet Taiaha
PROPMOVER_TXT_500042,Small Hellhound,Small Hellhound
PROPMOVER_TXT_500043,Hellhound,Hellhound
PROPMOVER_TXT_500044,Captain Hellhound,Captain Hellhound
PROPMOVER_TXT_500045,Giant Hellhound,Giant Hellhound
PROPMOVER_TXT_500046,Violet Hellhound,Violet Hellhound
PROPMOVER_TXT_500047,Chief Keokuk,Chief Keokuk
PROPMOVER_TXT_500048,Monument of Death,Monument of Death
PROPMOVER_TXT_500049,[Twisted Soul] Orcus,[Twisted Soul] Orcus
PROPMOVER_TXT_500050,[Tormented Soul] Nergal,[Tormented Soul] Nergal
PROPMOVER_TXT_500051,[Demonic Soul] Hel,[Demonic Soul] Hel
PROPMOVER_TXT_500052,[Perverted Soul] Morrigan,[Perverted Soul] Morrigan
PROPMOVER_TXT_500053,[Anguished Soul] Mara,[Anguished Soul] Mara
PROPMOVER_TXT_500054,[Violent Soul] Ghed ,[Violent Soul] Ghed 
PROPMOVER_TXT_500055,[God of Death] Ankou,[God of Death] Ankou
PROPMOVER_TXT_500056,[God of Death] Blazing Ankou,[God of Death] Blazing Ankou
PROPMOVER_TXT_500057,[God of Death] Demonic Ankou,[God of Death] Demonic Ankou
PROPMOVER_TXT_500058,[Elder] Traitus,[Elder] Traitus
PROPMOVER_TXT_500059,Asylum Guard,Asylum Guard
PROPMOVER_TXT_500060,Ankou,Ankou
PROPMOVER_TXT_500061,Demonic Ankou,Demonic Ankou
PROPMOVER_TXT_500062,Blue 2025 Thanksgiving Turkey,Blue 2025 Thanksgiving Turkey
PROPMOVER_TXT_500063,Red 2025 Thanksgiving Turkey,Red 2025 Thanksgiving Turkey
PROPMOVER_TXT_500064,Green 2025 Thanksgiving Turkey,Green 2025 Thanksgiving Turkey
PROPMOVER_TXT_500065,Pink 2025 Thanksgiving Turkey,Pink 2025 Thanksgiving Turkey
PROPMOVER_TXT_500066,Black 2025 Thanksgiving Turkey,Black 2025 Thanksgiving Turkey
PROPMOVER_TXT_500067,White 2025 Thanksgiving Turkey,White 2025 Thanksgiving Turkey
PROPMOVER_TXT_500068,Red Baby Horse,Red Baby Horse
PROPMOVER_TXT_500069,Cyan Shiki Paws,Cyan Shiki Paws
PROPMOVER_TXT_500070,Green Shiki Paws,Green Shiki Paws
PROPMOVER_TXT_500071,Purple Shiki Paws,Purple Shiki Paws
PROPMOVER_TXT_500072,Blue Shiki Paws,Blue Shiki Paws
PROPMOVER_TXT_500073,White Shiki Paws,White Shiki Paws
PROPMOVER_TXT_500074,Black Shiki Paws,Black Shiki Paws
