Key,English,Portuguese
PROPMOVER_TXT_000002,Male,Masculino
PROPMOVER_TXT_000004,Female,Feminino
PROPMOVER_TXT_000006,Small Aibatt,Aibatt Pequeno
PROPMOVER_TXT_000008,Aibatt,Aibatt
PROPMOVER_TXT_000010,Captain Aibatt,Aibatt Capitão
PROPMOVER_TXT_000012,Giant Aibatt,Aibatt Gigante
PROPMOVER_TXT_000014,Small Mushpang,Mushpang Pequeno
PROPMOVER_TXT_000016,Mushpang,Mushpang
PROPMOVER_TXT_000018,Captain Mushpang,Mushpang Capitão
PROPMOVER_TXT_000020,Giant Mushpang,Mushpang Gigante
PROPMOVER_TXT_000022,Small Burudeng,Burudeng Pequeno
PROPMOVER_TXT_000024,Burudeng,Burudeng
PROPMOVER_TXT_000026,Captain Burudeng,Burudeng Capitão
PROPMOVER_TXT_000028,Giant Burudeng,Burudeng Gigante
PROPMOVER_TXT_000030,Small Pukepuke,Pukepuke Pequeno
PROPMOVER_TXT_000032,Pukepuke,Pukepuke
PROPMOVER_TXT_000034,Captain Pukepuke,Pukepuke Capitão
PROPMOVER_TXT_000036,Giant Pukepuke,Pukepuke Gigante
PROPMOVER_TXT_000038,Small Peakyturtle,Peakyturtle Pequeno
PROPMOVER_TXT_000040,Peakyturtle,Peakyturtle
PROPMOVER_TXT_000042,Captain Peakyturtle,Peakyturtle Capitão
PROPMOVER_TXT_000044,Giant Peakyturtle,Peakyturtle Gigante
PROPMOVER_TXT_000046,Urchin Demian,Demian Calmo
PROPMOVER_TXT_000048,Demian,Demian
PROPMOVER_TXT_000050,Bad Demian,Demian Mau
PROPMOVER_TXT_000052,Giant Demian,Demian Gigante
PROPMOVER_TXT_000054,Small Doridoma,Doridoma Pequena
PROPMOVER_TXT_000056,Doridoma,Doridoma
PROPMOVER_TXT_000058,Captain Doridoma,Doridoma Capitã
PROPMOVER_TXT_000060,Giant Doridoma,Doridoma Gigante
PROPMOVER_TXT_000062,Young Lawolf,Lawolf Jovem
PROPMOVER_TXT_000064,Lawolf,Lawolf
PROPMOVER_TXT_000066,Grownup Lawolf,Lawolf Adulto
PROPMOVER_TXT_000068,Giant Lawolf,Lawolf Gigante
PROPMOVER_TXT_000070,1st Class Fefern,Fefern 1ª Classe
PROPMOVER_TXT_000072,Fefern,Fefern
PROPMOVER_TXT_000074,2nd Class Fefern,Fefern 2ª Classe
PROPMOVER_TXT_000076,Giant Fefern,Fefern Gigante
PROPMOVER_TXT_000078,Cute Nyangnyang,Nyangnyang Bonitinha
PROPMOVER_TXT_000080,Nyangnyang,Nyangnyang
PROPMOVER_TXT_000082,Creep Nyangnyang,Nyangnyang Assustadora
PROPMOVER_TXT_000084,Giant Nyangnyang,Nyangnyang Gigante
PROPMOVER_TXT_000086,Bang,Bang
PROPMOVER_TXT_000088,Captain Bang,Bang Capitão
PROPMOVER_TXT_000090,Boss Bang,Bang Chefe
PROPMOVER_TXT_000092,Giant Bang,Bang Gigante
PROPMOVER_TXT_000094,Small Wagsaac,Wagsaac Pequeno
PROPMOVER_TXT_000096,Wagsaac,Wagsaac
PROPMOVER_TXT_000098,Captain Wagsaac,Wagsaac Capitão
PROPMOVER_TXT_000100,Giant Wagsaac,Wagsaac Gigante
PROPMOVER_TXT_000102,Small Mia,Pequena Mia
PROPMOVER_TXT_000104,Mia,Mia
PROPMOVER_TXT_000106,Captain Mia,Mia Capitã
PROPMOVER_TXT_000108,Giant Mia,Mia Gigante
PROPMOVER_TXT_000110,Stale Mr. Pumpkin,Sr. Abóbora Fedorento
PROPMOVER_TXT_000112,Mr. Pumpkin,Sr. Abóbora
PROPMOVER_TXT_000114,Rotten Mr Pumpkin,Sr. Abóbora Podre
PROPMOVER_TXT_000116,Giant Mr. Pumpkin,Sr. Abóbora Gigante
PROPMOVER_TXT_000118,Red Mantis C,Louva-deus Vermelho C
PROPMOVER_TXT_000120,Red Mantis B,Louva-deus Vermelho B
PROPMOVER_TXT_000122,Red Mantis A,Louva-deus Vermelho A
PROPMOVER_TXT_000124,Giant Red Mantis,Louva-deus Vermelho Gigante
PROPMOVER_TXT_000126,Small Jack the Hammer,"Pequeno Jack, o Martelo"
PROPMOVER_TXT_000128,Jack the Hammer,"Jack, o Martelo"
PROPMOVER_TXT_000130,Captain Jack the Hammer,"Capitão Jack, o Martelo"
PROPMOVER_TXT_000132,Giant Jack the Hammer,"Gigante Jack, o Martelo"
PROPMOVER_TXT_000134,Small Giggle Box,Baú Risonho Pequeno
PROPMOVER_TXT_000136,Giggle Box,Baú Risonho
PROPMOVER_TXT_000138,Captain Giggle Box,Baú Risonho Capitão
PROPMOVER_TXT_000140,Giant Giggle Box,Baú Risonho Gigante
PROPMOVER_TXT_000142,Small Rock Muscle,Rock Muscle Pequeno
PROPMOVER_TXT_000144,Rock Muscle,Rock Muscle
PROPMOVER_TXT_000146,Captain Rock Muscle,Rock Muscle Capitão
PROPMOVER_TXT_000148,Giant Rock Muscle,Rock Muscle Gigante
PROPMOVER_TXT_000150,Small Hobo,Hobo Pequeno
PROPMOVER_TXT_000152,Hobo,Hobo
PROPMOVER_TXT_000154,Captain Hobo,Hobo Capitão
PROPMOVER_TXT_000156,Giant Hobo,Hobo Gigante
PROPMOVER_TXT_000158,Small Dumb Bull,Touro Tolo Pequeno
PROPMOVER_TXT_000160,Dumb Bull,Touro Tolo
PROPMOVER_TXT_000162,Captain Dumb Bull,Touro Tolo Capitão
PROPMOVER_TXT_000164,Giant Dumb Bull,Touro Tolo Gigante
PROPMOVER_TXT_000166,Small Totemia,Totemia Pequena
PROPMOVER_TXT_000168,Totemia,Totemia
PROPMOVER_TXT_000170,Captain Totemia,Totemia Capitã
PROPMOVER_TXT_000172,Giant Totemia,Totemia Gigante
PROPMOVER_TXT_000174,Maid Cardpuppet,Cardpuppet Serviçal
PROPMOVER_TXT_000176,Cardpuppet,Cardpuppet
PROPMOVER_TXT_000178,Manager Cardpuppet,Cardpuppet Supervisora
PROPMOVER_TXT_000180,Boss Cardpuppet,Cardpuppet Chefe
PROPMOVER_TXT_000182,Small Tombstone Bearer,Portador de Lápide Pequeno
PROPMOVER_TXT_000184,Tombstone Bearer,Portador de Lápide
PROPMOVER_TXT_000186,Captain Tombstone Bearer,Portador de Lápide Capitão
PROPMOVER_TXT_000188,Giant Tombstone Bearer,Portador de Lápide Gigante
PROPMOVER_TXT_000190,Phantom Basque,Basque Fantasma
PROPMOVER_TXT_000192,Basque,Basque
PROPMOVER_TXT_000194,Lumping Basque,Basque Cansado
PROPMOVER_TXT_000196,Giant Basque,Basque Gigante
PROPMOVER_TXT_000198,Small Mage Prankster,Mago Prankster Pequeno
PROPMOVER_TXT_000200,Prankster,Prankster
PROPMOVER_TXT_000202,Master Mage Prankster,Mestre Mago Prankster
PROPMOVER_TXT_000204,Giantmage Prankster,Mago Prankster Gigante
PROPMOVER_TXT_000206,Rough Wheelem,Wheelem Bruto
PROPMOVER_TXT_000208,Wheelem,Wheelem
PROPMOVER_TXT_000210,Bouncing Wheelem,Wheelem Vigoroso
PROPMOVER_TXT_000212,Giant Wheelem,Wheelem Gigante
PROPMOVER_TXT_000214,Small Leyena,Leyena Pequena
PROPMOVER_TXT_000216,Leyena,Leyena
PROPMOVER_TXT_000218,Captain Leyena,Leyena Capitã
PROPMOVER_TXT_000220,Giant Leyena,Leyena Gigante
PROPMOVER_TXT_000222,Small Steam Walker,Andarilho a Vapor Pequeno
PROPMOVER_TXT_000224,Steam Walker,Andarilho a Vapor
PROPMOVER_TXT_000226,Captain Steam Walker,Andarilho a Vapor Capitão
PROPMOVER_TXT_000228,Giant Steam Walker,Andarilho a Vapor Gigante
PROPMOVER_TXT_000230,Small Steel Knight,Cavaleirinho de Aço
PROPMOVER_TXT_000232,Steel Knight,Cavaleiro de Aço
PROPMOVER_TXT_000234,Captain Steel Knight,Cavaleiro de Aço Capitão
PROPMOVER_TXT_000236,Giant Steel Knight,Cavaleiro de Aço Gigante
PROPMOVER_TXT_000238,Small Nutty Wheel,Roda Maluca Pequena
PROPMOVER_TXT_000240,Nutty Wheel,Roda Maluca
PROPMOVER_TXT_000242,Captain Nutty Wheel,Roda Maluca Capitã
PROPMOVER_TXT_000244,Giant Nutty Wheel,Roda Maluca Gigante
PROPMOVER_TXT_000246,Small Driller,Sondador Pequeno
PROPMOVER_TXT_000248,Driller,Sondador
PROPMOVER_TXT_000250,Captain Driller,Sondador Capitão
PROPMOVER_TXT_000252,Giant Driller,Sondador Gigante
PROPMOVER_TXT_000254,Small Volt,Volt Pequeno
PROPMOVER_TXT_000256,Volt,Volt
PROPMOVER_TXT_000258,Captain Volt,Volt Capitão
PROPMOVER_TXT_000260,Giant Volt,Volt Gigante
PROPMOVER_TXT_000262,Small Elderguard,Guardião Ancião Pequeno
PROPMOVER_TXT_000264,Elderguard,Guardião Ancião
PROPMOVER_TXT_000266,Captain Elderguard,Guardião Ancião Capitão
PROPMOVER_TXT_000268,Giant Elderguard,Guardião Ancião Gigante
PROPMOVER_TXT_000270,Small Garbagespider,Lixeiranha Pequena
PROPMOVER_TXT_000272,Garbagespider,Lixeiranha
PROPMOVER_TXT_000274,Captain Garbagespider,Lixeiranha Capitã
PROPMOVER_TXT_000276,Giant Garbagespider,Lixeiranha Gigante
PROPMOVER_TXT_000278,Small Crane Machinery,Máquina de Guindaste Pequena
PROPMOVER_TXT_000280,Crane Machinery,Máquina de Guindaste
PROPMOVER_TXT_000282,Captain Crane Machinery,Máquina de Guindaste Capitã
PROPMOVER_TXT_000284,Giant Crane Machinery,Máquina de Guindaste Gigante
PROPMOVER_TXT_000286,Small Mothbee,Maribelha Pequena
PROPMOVER_TXT_000288,Mothbee,Maribelha
PROPMOVER_TXT_000290,Captain Mothbee,Maribelha Capitã
PROPMOVER_TXT_000292,Giant Mothbee,Maribelha Gigante
PROPMOVER_TXT_000294,Small Flybrigen,Flybrigen Pequeno
PROPMOVER_TXT_000296,Flybrigen,Flybrigen
PROPMOVER_TXT_000298,Captain Flybrigen,Flybrigen Capitão
PROPMOVER_TXT_000300,Giant Flybrigen,Flybrigen Gigante
PROPMOVER_TXT_000302,Small Rockepeller,Rockepeller Pequeno
PROPMOVER_TXT_000304,Rockepeller,Rockepeller
PROPMOVER_TXT_000306,Captain Rockepeller,Rockepeller Capitão
PROPMOVER_TXT_000308,Giant Rockepeller,Rockepeller Gigante
PROPMOVER_TXT_000318,Pawn Popcrank,Popcrank Peão
PROPMOVER_TXT_000320,Knight Popcrank,Popcrank Cavaleiro
PROPMOVER_TXT_000322,Rook Popcrank,Popcrank Torre
PROPMOVER_TXT_000324,Bishop Popcrank,Popcrank Bispo
PROPMOVER_TXT_000326,Small Greemong,Greemong Pequeno
PROPMOVER_TXT_000328,Greemong,Greemong
PROPMOVER_TXT_000330,Captain Greemong,Greemong Capitão
PROPMOVER_TXT_000332,Giant Greemong,Greemong Gigante
PROPMOVER_TXT_000336,Roy,Roy
PROPMOVER_TXT_000338,Cardinal Guardian,Guardião Cardeal
PROPMOVER_TXT_000350,Small Carrierbomb,Carrierbomb Pequeno
PROPMOVER_TXT_000352,Carrierbomb,Carrierbomb
PROPMOVER_TXT_000354,Captain Carrierbomb,Carrierbomb Capitão
PROPMOVER_TXT_000356,Giant Carrierbomb,Carrierbomb Gigante
PROPMOVER_TXT_000382,Clockworks,Clockworks
PROPMOVER_TXT_000392,Small Nuctuvehicle,Nuctuveículo Pequeno
PROPMOVER_TXT_000394,Nuctuvehicle,Nuctuveículo
PROPMOVER_TXT_000396,Captain Nuctuvehicle,Nuctuveículo Capitão
PROPMOVER_TXT_000398,Giant Nuctuvehicle,Nuctuveículo Gigante
PROPMOVER_TXT_000400,Young Syliaca,Jovem Syliaca
PROPMOVER_TXT_000402,Syliaca,Syliaca
PROPMOVER_TXT_000404,Grownup Syliaca,Syliaca Adulta
PROPMOVER_TXT_000406,Giant Syliaca,Syliaca Gigante
PROPMOVER_TXT_000408,Small Risem,Risem Pequeno
PROPMOVER_TXT_000410,Risem,Risem
PROPMOVER_TXT_000412,Captain Risem,Risem Capitão
PROPMOVER_TXT_000414,Giant Risem,Risem Gigante
PROPMOVER_TXT_000416,Small Zombiger,Zombiger Pequeno
PROPMOVER_TXT_000418,Zombiger,Zombiger
PROPMOVER_TXT_000420,Captain Zombiger,Zombiger Capitão
PROPMOVER_TXT_000422,Giant Zombiger,Zombiger Gigante
PROPMOVER_TXT_000424,Small Flybat,Flybat Pequeno
PROPMOVER_TXT_000426,Flybat,Flybat
PROPMOVER_TXT_000428,Captain Flybat,Flybat Capitão
PROPMOVER_TXT_000430,Giant Flybat,Flybat Gigante
PROPMOVER_TXT_000432,Small Bucrow,Bucrow Pequeno
PROPMOVER_TXT_000434,Bucrow,Bucrow
PROPMOVER_TXT_000436,Captain Bucrow,Bucrow Capitão
PROPMOVER_TXT_000438,Giant Bucrow,Bucrow Gigante
PROPMOVER_TXT_000440,Small Scorpicon,Scorpicon Pequeno
PROPMOVER_TXT_000442,Scorpicon,Scorpicon
PROPMOVER_TXT_000444,Captain Scorpicon,Scorpicon Capitão
PROPMOVER_TXT_000446,Giant Scorpicon,Scorpicon Gigante
PROPMOVER_TXT_000448,Small Trangfoma,Trangfoma Pequeno
PROPMOVER_TXT_000450,Trangfoma,Trangfoma
PROPMOVER_TXT_000452,Captain Trangfoma,Trangfoma Capitão
PROPMOVER_TXT_000454,Giant Trangfoma,Trangfoma Gigante
PROPMOVER_TXT_000456,Mine Catcher,Acumulador de Mineral
PROPMOVER_TXT_000458,Erons Catcher,Acumulador de Erons
PROPMOVER_TXT_000460,Krasec Catcher,Acumulador de Krasec
PROPMOVER_TXT_000462,Guru Catcher,Acumulador de Guru
PROPMOVER_TXT_000464,Small Grrr,Grrr Pequeno
PROPMOVER_TXT_000466,Grrr,Grrr
PROPMOVER_TXT_000468,Captain Grrr,Grrr Capitão
PROPMOVER_TXT_000470,Giant Grrr,Grrr Gigante
PROPMOVER_TXT_000472,Small Dump,Dump Pequeno
PROPMOVER_TXT_000474,Dump,Dump
PROPMOVER_TXT_000476,Captain Dump,Dump Capitão
PROPMOVER_TXT_000478,Giant Dump,Dump Gigante
PROPMOVER_TXT_000480,Small Nautrepy,Nautrepy Pequeno
PROPMOVER_TXT_000482,Nautrepy,Nautrepy
PROPMOVER_TXT_000484,Captain Nautrepy,Nautrepy Capitão
PROPMOVER_TXT_000486,Giant Nautrepy,Nautrepy Gigante
PROPMOVER_TXT_000488,Small Boo,Boo Pequeno
PROPMOVER_TXT_000490,Boo,Boo
PROPMOVER_TXT_000492,Captain Boo,Boo Capitão
PROPMOVER_TXT_000494,Giant Boo,Boo Gigante
PROPMOVER_TXT_000496,Small Hoppre,Hoppre Pequeno
PROPMOVER_TXT_000498,Hoppre,Hoppre
PROPMOVER_TXT_000500,Captain Hoppre,Hoppre Capitão
PROPMOVER_TXT_000502,Giant Hoppre,Hoppre Gigante
PROPMOVER_TXT_000504,Small Mushpoie,Mushpoie Pequeno
PROPMOVER_TXT_000506,Mushpoie,Mushpoie
PROPMOVER_TXT_000508,Captain Mushpoie,Mushpoie Capitão
PROPMOVER_TXT_000510,Giant Mushpoie,Mushpoie Gigante
PROPMOVER_TXT_000512,Small Iren,Iren Pequeno
PROPMOVER_TXT_000514,Iren,Iren
PROPMOVER_TXT_000516,Captain Iren,Iren Capitão
PROPMOVER_TXT_000518,Giant Iren,Iren Gigante
PROPMOVER_TXT_000520,Small Watangka,Watangka Pequeno
PROPMOVER_TXT_000522,Watangka,Watangka
PROPMOVER_TXT_000524,Captain Watangka,Watangka Capitão
PROPMOVER_TXT_000526,Giant Watangka,Watangka Gigante
PROPMOVER_TXT_000528,Small Antiquery,Antiquery Pequeno
PROPMOVER_TXT_000530,Antiquery,Antiquery
PROPMOVER_TXT_000532,Captain Antiquery,Antiquery Capitão
PROPMOVER_TXT_000534,Giant Antiquery,Antiquery Gigante
PROPMOVER_TXT_000536,Small Luia,Luia Pequena
PROPMOVER_TXT_000538,Luia,Luia
PROPMOVER_TXT_000540,Captain Luia,Luia Capitã
PROPMOVER_TXT_000542,Giant Luia,Luia Gigante
PROPMOVER_TXT_000544,Small Gongury,Gongury Pequeno
PROPMOVER_TXT_000546,Gongury,Gongury
PROPMOVER_TXT_000548,Captain Gongury,Gongury Capitão
PROPMOVER_TXT_000550,Giant Gongury,Gongury Gigante
PROPMOVER_TXT_000552,Small Shuhamma,Shuhamma Pequeno
PROPMOVER_TXT_000554,Shuhamma,Shuhamma
PROPMOVER_TXT_000556,Captain Shuhamma,Shuhamma Capitão
PROPMOVER_TXT_000558,Giant Shuhamma,Shuhamma Gigante
PROPMOVER_TXT_000560,Small Kern,Kern Pequeno
PROPMOVER_TXT_000562,Kern,Kern
PROPMOVER_TXT_000564,Captain Kern,Kern Capitão
PROPMOVER_TXT_000566,Giant Kern,Kern Gigante
PROPMOVER_TXT_000568,Small Glaphan,Glaphan Pequeno
PROPMOVER_TXT_000570,Glaphan,Glaphan
PROPMOVER_TXT_000572,Captain Glaphan,Glaphan Capitão
PROPMOVER_TXT_000574,Giant Glaphan,Glaphan Gigante
PROPMOVER_TXT_000576,Trainee Chef Muffrin,Recruta Chefe Muffrin
PROPMOVER_TXT_000578,3rd Chef Muffrin,Terceiro Chefe Muffrin
PROPMOVER_TXT_000580,2nd Chef Muffrin,Segundo Chefe Muffrin
PROPMOVER_TXT_000582,1st Chef Muffrin,Primeiro Chefe Muffrin
PROPMOVER_TXT_000584,Mutant Fefern,Fefern Mutante
PROPMOVER_TXT_000586,Mutant Fefern King,Rei Fefern Mutante
PROPMOVER_TXT_000588,Mutant Giant 2nd Class Fefern,Fefern Mutante Gigante 2ª Classe
PROPMOVER_TXT_000590,Mutant Nyangnyang,Nyangnyang Mutante
PROPMOVER_TXT_000592,Mutant Nyangnyang Queen,Rainha Nyangnyang Mutante
PROPMOVER_TXT_000594,Mutant Giant Nyangnyang,Nyangnyang Mutante Gigante
PROPMOVER_TXT_000596,Mutant Bang,Bang Mutante
PROPMOVER_TXT_000598,Mutant Boss Bang,Bang Chefe Mutante
PROPMOVER_TXT_000600,Mutant Giant Bang King,Rei Bang Mutante Gigante
PROPMOVER_TXT_000602,Worm Veduque,Veduque Serpentina
PROPMOVER_TXT_000604,Serus Uriel,Serus Uriel
PROPMOVER_TXT_000606,Vice Veduque,Veduque Corrupta
PROPMOVER_TXT_000608,Brazenface Pukepuke,Pukepuke Insolente
PROPMOVER_TXT_000610,Heartless Bang,Bang sem Coração
PROPMOVER_TXT_000612,Tough Rock Muscle,Rock Muscle Agressivo
PROPMOVER_TXT_000614,Flying Aibatt,Aibatt Voador
PROPMOVER_TXT_000616,Beast Mr. Pumpkin,Sr. Abóbora Bruto
PROPMOVER_TXT_000618,Master Demian,Mestre Demian
PROPMOVER_TXT_000620,Master Keakoon,Mestre Keakoon
PROPMOVER_TXT_000622,Master Muffrin,Mestre Muffrin
PROPMOVER_TXT_000624,Info-Pang,Info-Pang
PROPMOVER_TXT_000626,Losha,Losha
PROPMOVER_TXT_000628,Boboku,Boboku
PROPMOVER_TXT_000630,Julia,Julia
PROPMOVER_TXT_000632,Lui,Lui
PROPMOVER_TXT_000634,Marche,Marche
PROPMOVER_TXT_000636,Bulrox,Bulrox
PROPMOVER_TXT_000638,Tina,Tina
PROPMOVER_TXT_000640,Karin,Karin
PROPMOVER_TXT_000642,Martin,Martin
PROPMOVER_TXT_000644,Bill,Bill
PROPMOVER_TXT_000646,Dwarpet,Dwarpet
PROPMOVER_TXT_000648,Master Dwarpet,Mestre Dwarpet
PROPMOVER_TXT_000650,Iblis,Iblis
PROPMOVER_TXT_000652,Shade,Shade
PROPMOVER_TXT_000654,Stima,Stima
PROPMOVER_TXT_000656,Phacham,Phacham
PROPMOVER_TXT_000658,Bubble,Bubble
PROPMOVER_TXT_000660,Rhine,Rhine
PROPMOVER_TXT_000662,Roocky,Roocky
PROPMOVER_TXT_000664,Ollien,Ollien
PROPMOVER_TXT_000666,Haven,Haven
PROPMOVER_TXT_000668,Chitller,Chitller
PROPMOVER_TXT_000670,Bolpor,Bolpor
PROPMOVER_TXT_000672,Almani,Almani
PROPMOVER_TXT_000674,Achaben,Achaben
PROPMOVER_TXT_000676,Eshylop,Eshylop
PROPMOVER_TXT_000678,Remine,Remine
PROPMOVER_TXT_000680,Unknown,Desconhecido
PROPMOVER_TXT_000682,Agent,Agente
PROPMOVER_TXT_000684,Ancimys,Ancimys
PROPMOVER_TXT_000686,Guardian,Guardião
PROPMOVER_TXT_000688,Captain Guard,Capitão da Guarda
PROPMOVER_TXT_000692,Venel Guardian,Guardião Venel
PROPMOVER_TXT_000694,Ren,Ren
PROPMOVER_TXT_000696,Rubo,Rubo
PROPMOVER_TXT_000698,Sisif,Sisif
PROPMOVER_TXT_000700,Shuraiture,Shuraiture
PROPMOVER_TXT_000702,Babari,Babari
PROPMOVER_TXT_000704,Chaner,Chaner
PROPMOVER_TXT_000706,Seido,Seido
PROPMOVER_TXT_000708,Red Bang Troupe Member,Membro dos Bangs Vermelhos
PROPMOVER_TXT_000710,Emerald Mantis,Louva-deus Esmeralda
PROPMOVER_TXT_000712,Lord Bang Hanoyan,Lorde Bang Hanoyan
PROPMOVER_TXT_000714,Member of the Violet Magician Troupe,Membro da Tropa dos Magos Violetas
PROPMOVER_TXT_000716,Master of the Violet Magician Troupe,Mestre da Tropa dos Magos Violetas
PROPMOVER_TXT_000718,Grand Master of the Violet Magician Troupe,Grande Mestre da Tropa dos Magos Violetas
PROPMOVER_TXT_000720,Red Bang Troupe Leader,Líder dos Bangs Vermelhos
PROPMOVER_TXT_000722,Lord Bang,Lorde Bang
PROPMOVER_TXT_000724,Organigor,Organigor
PROPMOVER_TXT_000726,Gangard,Gangard
PROPMOVER_TXT_000728,Hadeseor,Hadeseor
PROPMOVER_TXT_000730,Santa,Papai Noel
PROPMOVER_TXT_000732,Priest,Sacerdote
PROPMOVER_TXT_000734,Guard,Sentinela
PROPMOVER_TXT_000736,Chaos Guard,Sentinela do Caos
PROPMOVER_TXT_000738,Criminal Fefern,Fefern Criminoso
PROPMOVER_TXT_000740,Criminal Wagsaac,Wagsaac Criminoso
PROPMOVER_TXT_000742,Criminal Mr. Pumpkin,Sr. Abóbora Criminoso
PROPMOVER_TXT_000744,Criminal Giggle Box,Baú Risonho Criminoso
PROPMOVER_TXT_000746,Criminal Hobo,Hobo Criminoso
PROPMOVER_TXT_000748,Criminal Cardpuppet,Cardpuppet Criminosa
PROPMOVER_TXT_000750,Criminal Basque,Basque Criminoso
PROPMOVER_TXT_000752,Criminal Leyena,Leyena Criminosa
PROPMOVER_TXT_000754,Criminal Steel Knight,Cavaleiro de Aço Criminoso
PROPMOVER_TXT_000756,Criminal Volt,Volt Criminoso
PROPMOVER_TXT_000758,Criminal Garbagespider,Lixeiranha Criminosa
PROPMOVER_TXT_000760,Criminal Greemong,Greemong Criminoso
PROPMOVER_TXT_000762,Criminal Hoppre,Hopper Criminoso
PROPMOVER_TXT_000764,Criminal Iren,Iren Criminoso
PROPMOVER_TXT_000766,Criminal Watangka,Watangka Criminoso
PROPMOVER_TXT_000768,Criminal Luia,Luia Criminosa
PROPMOVER_TXT_000770,Criminal Shuhamma,Shuhamma Criminoso
PROPMOVER_TXT_000772,Criminal Glaphan,Glaphan Criminoso
PROPMOVER_TXT_000774,Keakoon Worker,Keakoon Operário
PROPMOVER_TXT_000776,Keakoon Guard,Guarda Keakoon
PROPMOVER_TXT_000778,Keakoon Worker Leader,Líder dos Keakoons Operários
PROPMOVER_TXT_000780,Keakoon Guard Leader,Líder da Guarda Keakoon
PROPMOVER_TXT_000782,Elite Keakoon Worker,Keakoon Operário Elite
PROPMOVER_TXT_000784,Elite Keakoon Guard,Guarda de Elite Keakoon
PROPMOVER_TXT_000786,Elite Keakoon Worker Leader,Líder dos Keakoons Operários Elite
PROPMOVER_TXT_000788,Elite Keakoon Guard Leader,Líder da Guarda dos Keakoons Elites
PROPMOVER_TXT_000790,Mutant Keakoon Worker,Keakoon Mutante Operário
PROPMOVER_TXT_000792,Mutant Keakoon Guard,Guarda Keakoon Mutante
PROPMOVER_TXT_000794,Mutant Keakoon Worker Leader,Líder dos Keakoons Mutantes Operários
PROPMOVER_TXT_000796,Mutant Keakoon Guard Leader,Líder da Guarda Keakoon Mutante
PROPMOVER_TXT_000798,Pink Roach,Barata Rosa
PROPMOVER_TXT_000800,Blue Roach,Barata Azul
PROPMOVER_TXT_000802,Pink Roach Queen,Barata Rosa Rainha
PROPMOVER_TXT_000804,Blue Roach Queen,Barata Azul Rainha
PROPMOVER_TXT_000806,Pink Roach Larva,Barata Rosa Larva
PROPMOVER_TXT_000808,Blue Roach Larva,Barata Azul Larva
PROPMOVER_TXT_000810,Green Trillipy,Trillipy Verde
PROPMOVER_TXT_000812,Hazardous Green Trillipy,Trillipy Verde Perigosa
PROPMOVER_TXT_000814,Violet Trillipy,Trillipy Violeta
PROPMOVER_TXT_000816,Hazardous Violet Trillipy,Trillipy Violeta Perigosa
PROPMOVER_TXT_000818,Blood Trillipy,Trillipy Sangrenta
PROPMOVER_TXT_000820,Hazardous Blood Trillipy,Trillipy Sangrenta Perigosa
PROPMOVER_TXT_000822,Chimeradon,Quimeradon
PROPMOVER_TXT_000824,Giant Chimeradon,Quimeradon Gigante
PROPMOVER_TXT_000826,Meteonyker,Meteonyker
PROPMOVER_TXT_000828,Baby Lawolf,Lawolfinho
PROPMOVER_TXT_000830,Baby Aibatt,Aibattinho
PROPMOVER_TXT_000832,Baby Leyena,Leyenazinha
PROPMOVER_TXT_000834,Baby Luia,Luiazinha
PROPMOVER_TXT_000836,Kitty,Gatinho
PROPMOVER_TXT_000838,Doggy,Cachorrinho
PROPMOVER_TXT_000840,Ant Turtle,Ant Turtle
PROPMOVER_TXT_000842,Hammer Kick,Marteleiro
PROPMOVER_TXT_000844,Big Muscle,"Musculão, o Assustador"
PROPMOVER_TXT_000846,Krrr,"Krrr, o Amedrontador"
PROPMOVER_TXT_000848,Mushmoot,"Mushmoot, o Horripilador"
PROPMOVER_TXT_000852,Beast Zombiger,Zombiger Bruto
PROPMOVER_TXT_000854,Lord Clockworks Alpha,Lorde Clockworks Alfa
PROPMOVER_TXT_000856,Brigadier General Crumple,General de Brigada Crumple
PROPMOVER_TXT_000858,Lieutenant General Scythoid,Tenente General Scythoid
PROPMOVER_TXT_000860,Air Marshall Spiketail,Marechal Aéreo Spiketail
PROPMOVER_TXT_000862,General Glyphaxz,General Glyphaxz
PROPMOVER_TXT_000866,Soccerball Angel,Bolinha Angelical
PROPMOVER_TXT_000868,Kidler,Kidler
PROPMOVER_TXT_000870,Shacalpion,Shacalpion
PROPMOVER_TXT_000872,Hoiren,Hoiren
PROPMOVER_TXT_000874,Hunter X,Hunter X
PROPMOVER_TXT_000876,Kynsy,Kynsy
PROPMOVER_TXT_000878,Iblis Crasher,Iblis Esmagador
PROPMOVER_TXT_000880,Iblis Poisoner,Iblis Envenenador
PROPMOVER_TXT_000882,Iblis Wrecker,Iblis Arrebentador
PROPMOVER_TXT_000884,Iblis Destroyer,Iblis Destruidor
PROPMOVER_TXT_000886,Iblis Puppet,Iblis Marionete
PROPMOVER_TXT_000888,Iblis Thief,Iblis Ladrão
PROPMOVER_TXT_000890,Iblis Guardian,Guardião Iblis
PROPMOVER_TXT_000892,Iblis Quaker,Iblis Pregador
PROPMOVER_TXT_000894,Iblis Mushellizer,Iblis Mushellizer
PROPMOVER_TXT_000896,Iblis Leanes,Iblis Leanes
PROPMOVER_TXT_000898,Iblis Red Otem,Iblis Otem Vermelho
PROPMOVER_TXT_000900,Iblis Black Otem,Iblis Otem Negro
PROPMOVER_TXT_000902,Iblis Boxter,Iblis Boxeador
PROPMOVER_TXT_000904,Iblis Dandysher,Iblis Dandysher
PROPMOVER_TXT_000906,Chitos,Chitos
PROPMOVER_TXT_000908,Clocks,Clocks
PROPMOVER_TXT_000910,Soldier Chimeradon,Quimeradon Soldado
PROPMOVER_TXT_000912,Brigadier Chimeradon,Quimeradon Brigadeiro
PROPMOVER_TXT_000914,Major Chimeradon,Quimeradon Major
PROPMOVER_TXT_000916,Lieutenant Chimeradon,Quimeradon Tenente
PROPMOVER_TXT_000918,General Chimeradon,Quimeradon General
PROPMOVER_TXT_000920,Private Bearnerky,Bearnerky Recruta
PROPMOVER_TXT_000922,Specialist Bearnerky,Bearnerky Especialista
PROPMOVER_TXT_000924,Sergeant Bearnerky,Bearnerky Sargento
PROPMOVER_TXT_000926,Captain Bearnerky,Bearnerky Capitão
PROPMOVER_TXT_000928,General Bearnerky,Bearnerky General
PROPMOVER_TXT_000930,Great Chef Muffrin,Chefe Muffrin Renomado
PROPMOVER_TXT_000932,Queen Popcrank,Popcrank Rainha
PROPMOVER_TXT_000934,Baby Polar Bear,Pequeno Urso Polar
PROPMOVER_TXT_000936,Polar Bear,Urso Polar
PROPMOVER_TXT_000946,Post Box,Caixa Postal
PROPMOVER_TXT_000950,Blue Meteonyker,Blue Meteonyker
PROPMOVER_TXT_000954,Baby Penguin,Pinguim
PROPMOVER_TXT_000956,Baby Iguana,Iguana
PROPMOVER_TXT_000958,Baby Cobra,Cobrinha
PROPMOVER_TXT_000960,Egg,Ovo
PROPMOVER_TXT_000962,White Tiger,Tigre Branco
PROPMOVER_TXT_000966,Babari Lion,Leão-berbere
PROPMOVER_TXT_000970,Rabbit,Coelho
PROPMOVER_TXT_000974,Dragon,Dragão
PROPMOVER_TXT_000978,Unicorn,Unicórnio
PROPMOVER_TXT_000982,Old Fox,Raposa Antiga
PROPMOVER_TXT_000986,Griffin,Grifo
PROPMOVER_TXT_000987,Angel,Anjo
PROPMOVER_TXT_000988,King Crab,Caranguejo-Real
PROPMOVER_TXT_000996,Gambler,Apostador
PROPMOVER_TXT_000998,Hair Designer,Cabeleireiro
PROPMOVER_TXT_001000,Make-Up Artist,Maquiadora
PROPMOVER_TXT_001002,Pet Tamer,Domador
PROPMOVER_TXT_001010,Behemoth,Behemoth
PROPMOVER_TXT_001012,Hellion,Leão Infernal
PROPMOVER_TXT_001014,Jackalope,Jackalope
PROPMOVER_TXT_001016,Bahamut,Bahamute
PROPMOVER_TXT_001018,Nightmare,Pesadelo
PROPMOVER_TXT_001020,Reinecke,Reinecke
PROPMOVER_TXT_001022,Hippogryph,Hipogrifo
PROPMOVER_TXT_001024,Cute Frog,Sapinho
PROPMOVER_TXT_001026,Cute Hamburger,Hamburger Fofo
PROPMOVER_TXT_001028,Baby Turtle,Tartaruguinha
PROPMOVER_TXT_001034,Baby Chicken,Galinha
PROPMOVER_TXT_001036,Baby Cow,Vaquinha
PROPMOVER_TXT_001038,Baby Beagle,Beagle
PROPMOVER_TXT_001040,Baby Blue Dragon,Dragãozinho Azul
PROPMOVER_TXT_001042,Baby Hamster,Hamster
PROPMOVER_TXT_001044,Baby Horse,Pônei
PROPMOVER_TXT_001046,Baby Monkey,Macaquinho
PROPMOVER_TXT_001048,Baby Pig,Porquinho
PROPMOVER_TXT_001050,Baby Rabbit,Coelhinho
PROPMOVER_TXT_001052,Cute Lamb,Ovelhinha
PROPMOVER_TXT_001054,Baby Tiger,Pequeno Tigre
PROPMOVER_TXT_001076,Small Maid Cardpuppet,Cardpuppet Pequena
PROPMOVER_TXT_001078,Small Mia,Pequena Mia
PROPMOVER_TXT_001080,Baby Black Dragon,Dragãozinho Negro
PROPMOVER_TXT_001196,Baby Yetti,Yettinho
PROPMOVER_TXT_001300,[Guildwar Manager] Frankie,[Batalha de Guildas] Frankie
PROPMOVER_TXT_001302,[Guildwar Manager] Donaris,[Batalha de Guildas] Donaris
PROPMOVER_TXT_001304,[1vs1Guildwar Manager] Amos,[Batalha de Guildas 1vs1] Amos
PROPMOVER_TXT_001306,[1vs1Guildwar Manager] Annie,[Batalha de Guildas 1vs1] Annie
PROPMOVER_TXT_001308,[Arena Manager] Lay,[Supervisor da Arena] Ray
PROPMOVER_TXT_001310,Mayor,Prefeito
PROPMOVER_TXT_001318,English Bulldog,Buldogue Inglês
PROPMOVER_TXT_001320,Naughty Ghost,Fantasma
PROPMOVER_TXT_001322,Baby Fu Lion,"Shishi, o Leão Chinês"
PROPMOVER_TXT_001324,Smart Owl,Coruja Inteligente
PROPMOVER_TXT_001326,Patches,Patches
PROPMOVER_TXT_001328,Cute Robot,Robozinho
PROPMOVER_TXT_001330,Baby Bang,Banguinho
PROPMOVER_TXT_001332,Baby Panda,Pandinha
PROPMOVER_TXT_001334,Red Armored Tigar,Tigar Blindado Vermelho
PROPMOVER_TXT_001336,Blue Armored Tigar,Tigar Blindado Azul
PROPMOVER_TXT_001338,Yellow Armored Tigar,Tigar Blindado Amarelo
PROPMOVER_TXT_001446,Tommy Toucan,Zé Tucano
PROPMOVER_TXT_001452,Johnny Four-Wheels,Johnny Quatro-Rodas
PROPMOVER_TXT_001460,Tiny Tanuki,Pequeno Tanuki
PROPMOVER_TXT_001466,Inisis,Inisis
PROPMOVER_TXT_001496,Mini Santa,Noelzinho
PROPMOVER_TXT_001498,Mini Snowman,Bonequinho de Neve
PROPMOVER_TXT_001504,Little Lykan,Lykanzinho
PROPMOVER_TXT_001554,Joey,Joey
PROPMOVER_TXT_001556,Spike,Spike
PROPMOVER_TXT_001558,Lumia,Lumia
PROPMOVER_TXT_001560,Inspector Koko,Detetive Teddy
PROPMOVER_TXT_001564,Cheshire Cat,Gato Risonho
PROPMOVER_TXT_001566,The White Rabbit,O Coelho Branco
PROPMOVER_TXT_001568,Tiger Cub,Aoishiro
PROPMOVER_TXT_001586,Bone Golem,Golem Ossudo
PROPMOVER_TXT_001588,Mocomochi,Mocomochi
PROPMOVER_TXT_001590,Soul Dancer,Dançarino de Soul
PROPMOVER_TXT_001592,Clockworks Butler,Mordomo de Clockworks
PROPMOVER_TXT_001628,[Village Chief] Huntrang,[Chefe da Vila] Huntrang
PROPMOVER_TXT_001630,[Quest Office] Miorang,[Central de Quest] Miorang
PROPMOVER_TXT_001654,[Crackshooter Master] Meiarun,[Mestre Crackshooter] Meiarun
PROPMOVER_TXT_001656,[Arcanist Master] Howrang,[Mestre Arcanist] Howrang
PROPMOVER_TXT_001680,Cheirang,Cheirang
PROPMOVER_TXT_001714,[Rock Scissor Paper NPC] Demian,[Pedra-Papel-Tesoura] Demian
PROPMOVER_TXT_001716,Chameleon,Camaleão
PROPMOVER_TXT_001804,Braaaaains,Zumbi
PROPMOVER_TXT_001814,Male Zombie,Zumbi Masculino
PROPMOVER_TXT_001816,Female Zombie ,Zumbi Feminino
PROPMOVER_TXT_001826,Big Red,Vermelhão
PROPMOVER_TXT_002000,Buur,Buur
PROPMOVER_TXT_002002,Saphyryan,Saphyryan
PROPMOVER_TXT_002004,Gray Earl,Conde Cinzento
PROPMOVER_TXT_002006,Jack Frost,Pingente de Gelo
PROPMOVER_TXT_002008,Mr. Grinchie,Sr. Grinchie
PROPMOVER_TXT_002010,Rudolph,Rudolph
PROPMOVER_TXT_002020,[Development Supervisor] Kim,[Supervisor de Desenvolvimento] Kim
PROPMOVER_TXT_002026,Kuma,Kuma
PROPMOVER_TXT_002034,Usagi,Usagi
PROPMOVER_TXT_002036,Cooperative Donation NPC,NPC de Doação Cooperativa
PROPMOVER_TXT_002038,X900 EvilTron,Malvadão X900
PROPMOVER_TXT_002040,Mister Grizz,Senhor Grizz
PROPMOVER_TXT_002162,Lil' Potato,Batatinha
PROPMOVER_TXT_002166,Friendly Baby Kargo,Karguinho Amigável
PROPMOVER_TXT_002170,Charming Babushka Doll,Matriosca Encantadora
PROPMOVER_TXT_002232,Cute Baby Cat,Gatinha Fofinha
PROPMOVER_TXT_002234,Little Muran,Muranzinha
PROPMOVER_TXT_002236,Baby Buur,Buurzinho
PROPMOVER_TXT_002238,Baby Ripper,Pequeno Ceifador
PROPMOVER_TXT_002240,Baby Gray Earl,Conde Cinza
PROPMOVER_TXT_002242,Tamed Bolo,Bolo Bonzinho
PROPMOVER_TXT_002282,Pink Mocomochi Pet,Mocomochi Rosa
PROPMOVER_TXT_002284,Rainbow Mocomochi Pet,Mocomochi Arco-íris
PROPMOVER_TXT_002286,Black Bulldog Pet,Buldogue Preto
PROPMOVER_TXT_002288,Red Dragon Pet,Dragãozinho Vermelho
PROPMOVER_TXT_002292,Blue Snowman Pet,Boneco de Neve Azul
PROPMOVER_TXT_002142,Reonan,Reonan
PROPMOVER_TXT_002144,Nerco,Nerco
PROPMOVER_TXT_002146,Hael,Hael
PROPMOVER_TXT_002148,Handel,Handel
PROPMOVER_TXT_002150,Reodos,Reodos
PROPMOVER_TXT_002152,Zoro,Zoro
PROPMOVER_TXT_002154,Elaine,Elaine
PROPMOVER_TXT_002156,Ainher,Ainher
PROPMOVER_TXT_002158,Sury,Sury
PROPMOVER_TXT_002230,Earl Vermelho,Conde Vermelho
PROPMOVER_TXT_100000,Small Gorruda,Gorruda Pequeno
PROPMOVER_TXT_100001,Gorruda,Gorruda
PROPMOVER_TXT_100002,Captain Gorruda,Gorruda Capitão
PROPMOVER_TXT_100003,Giant Gorruda,Gorruda Gigante
PROPMOVER_TXT_100004,Young Fafnir,Jovem Fafnir
PROPMOVER_TXT_100005,Fafnir,Fafnir
PROPMOVER_TXT_100006,Grownup Fafnir,Fafnir Adulto
PROPMOVER_TXT_100007,Giant Fafnir,Fafnir Gigante
PROPMOVER_TXT_100008,Small Longwing,Longwing Pequeno
PROPMOVER_TXT_100009,Longwing,Longwing
PROPMOVER_TXT_100010,Captain Longwing,Longwing Capitão
PROPMOVER_TXT_100011,Giant Longwing,Longwing Gigante
PROPMOVER_TXT_100012,Neparuba,Neparuba
PROPMOVER_TXT_100013,Captain Neparuba,Neparuba Capitão
PROPMOVER_TXT_100014,Boss Neparuba,Neparuba Chefe
PROPMOVER_TXT_100015,Giant Neparuba,Neparuba Gigante
PROPMOVER_TXT_100016,Small Zenma,Zenma Pequeno
PROPMOVER_TXT_100017,Zenma,Zenma
PROPMOVER_TXT_100018,Captain Zenma,Zenma Capitão
PROPMOVER_TXT_100019,Giant Zenma,Zenma Gigante
PROPMOVER_TXT_100020,Small Zendros,Zendros Pequeno
PROPMOVER_TXT_100021,Zendros,Zendros
PROPMOVER_TXT_100022,Captain Zendros,Zendros Capitão
PROPMOVER_TXT_100023,Giant Zendros,Zendros Gigante
PROPMOVER_TXT_100024,Small Medumet,Medumet Pequeno
PROPMOVER_TXT_100025,Medumet,Medumet
PROPMOVER_TXT_100026,Captain Medumet,Medumet Capitão
PROPMOVER_TXT_100027,Giant Medumet,Medumet Gigante
PROPMOVER_TXT_100028,Training Dummy,Boneco de Treino
PROPMOVER_TXT_100029,Fire Training Dummy,[Fogo] Boneco de Treino
PROPMOVER_TXT_100030,Water Training Dummy,[Água] Boneco de Treino
PROPMOVER_TXT_100031,Earth Training Dummy,[Terra] Boneco de Treino
PROPMOVER_TXT_100032,Electric Training Dummy,[Eletricidade] Boneco de Treino
PROPMOVER_TXT_100033,Wind Training Dummy,[Vento] Boneco de Treino
PROPMOVER_TXT_100097,Violet Medumet,Medumet Violeta
PROPMOVER_TXT_100063,Violet Leyena,Leyena Violeta
PROPMOVER_TXT_100064,Violet Trangfoma,Trangfoma Violeta
PROPMOVER_TXT_100065,Violet Steam Walker,Andarilho a Vapor Violeta
PROPMOVER_TXT_100068,Violet Steel Knight,Cavaleiro de Aço Violeta
PROPMOVER_TXT_100069,Violet Nutty Wheel,Roda Maluca Violeta
PROPMOVER_TXT_100066,Violet Driller,Sondador Violeta
PROPMOVER_TXT_100067,Violet Volt,Volt Violeta
PROPMOVER_TXT_100070,Violet Elderguard,Guardião Ancião Violeta
PROPMOVER_TXT_100071,Violet Garbagespider,Lixeiranha Violeta
PROPMOVER_TXT_100072,Violet Crane Machinery,Máquina de Guindaste Violeta
PROPMOVER_TXT_100074,Violet Greemong,Greemong Violeta
PROPMOVER_TXT_100076,Violet Nuctuvehicle,Nuctuveículo Violeta
PROPMOVER_TXT_100075,Violet Carrierbomb,Carrierbomb Violeta
PROPMOVER_TXT_100073,Violet Syliaca,Syliaca Violeta
PROPMOVER_TXT_100078,Violet Zombiger,Zombiger Violeta
PROPMOVER_TXT_100077,Violet Risem,Risem Violeta
PROPMOVER_TXT_100086,Violet Grrr,Grrr Violeta
PROPMOVER_TXT_100091,Violet Dump,Dump Violeta
PROPMOVER_TXT_100085,Violet Nautrepy,Nautrepy Violeta
PROPMOVER_TXT_100082,Violet Boo,Boo Violeta
PROPMOVER_TXT_100079,Violet Hoppre,Hoppre Violeta
PROPMOVER_TXT_100088,Violet Mushpoie,Mushpoie Violeta
PROPMOVER_TXT_100081,Violet Iren,Iren Violeta
PROPMOVER_TXT_100080,Violet Watangka,Watangka Violeta
PROPMOVER_TXT_100087,Violet Antiquery,Antiquery Violeta
PROPMOVER_TXT_100083,Violet Luia,Luia Violeta
PROPMOVER_TXT_100089,Violet Gongury,Gongury Violeta
PROPMOVER_TXT_100084,Violet Shuhamma,Shuhamma Violeta
PROPMOVER_TXT_100092,Violet Kern,Kern Violeta
PROPMOVER_TXT_100090,Violet Glaphan,Glaphan Violeta
PROPMOVER_TXT_100094,Violet Chimeradon,Quimeradon Violeta
PROPMOVER_TXT_100095,Violet Bearnerky,Bearnerky Violeta
PROPMOVER_TXT_100093,Violet Chef Muffrin,Chef Muffrin Violeta
PROPMOVER_TXT_100096,Violet Popcrank,Popcrank Violeta
PROPMOVER_TXT_100034,Violet Aibatt,Aibatt Violeta
PROPMOVER_TXT_100035,Violet Mushpang,Mushpang Violeta
PROPMOVER_TXT_100036,Violet Burudeng,Burudeng Violeta
PROPMOVER_TXT_100038,Violet Pukepuke,Pukepuke Violeta
PROPMOVER_TXT_100037,Violet Peakyturtle,Peakyturtle Violeta
PROPMOVER_TXT_100039,Violet Demian,Demian Violeta
PROPMOVER_TXT_100040,Violet Doridoma,Doridoma Violeta
PROPMOVER_TXT_100041,Violet Lawolf,Lawolf Violeta
PROPMOVER_TXT_100043,Violet Fefern,Fefern Violeta
PROPMOVER_TXT_100042,Violet Nyangnyang,Nyangnyang Violeta
PROPMOVER_TXT_100044,Violet Bang,Bang Violeta
PROPMOVER_TXT_100099,Violet Mothbee,Maribelha Violeta
PROPMOVER_TXT_100098,Violet Flybrigen,Flybrigen Violeta
PROPMOVER_TXT_100100,Violet Rockepeller,Rockepeller Violeta
PROPMOVER_TXT_100106,Violet Zendros,Zendros Violeta
PROPMOVER_TXT_100104,Violet Neparuba,Neparuba Violeta
PROPMOVER_TXT_100105,Violet Zenma,Zenma Violeta
PROPMOVER_TXT_100103,Violet Longwing,Longwing Violeta
PROPMOVER_TXT_100102,Violet Fafnir,Fafnir Violeta
PROPMOVER_TXT_100101,Violet Gorruda,Gorruda Violeta
PROPMOVER_TXT_100058,Violet Tombstone Bearer,Portador de Lápide Violeta
PROPMOVER_TXT_100060,Violet Scorpicon,Scorpicon Violeta
PROPMOVER_TXT_100059,Violet Basque,Basque Violeta
PROPMOVER_TXT_100061,Violet Prankster,Prankster Violeta
PROPMOVER_TXT_100062,Violet Wheelem,Wheelem Violeta
PROPMOVER_TXT_100045,Violet Wagsaac,Wagsaac Violeta
PROPMOVER_TXT_100047,Violet Mia,Mia Violeta
PROPMOVER_TXT_100048,Violet Mr. Pumpkin,Sr. Abóbora Violeta
PROPMOVER_TXT_100049,Violet Red Mantis,Louva-deus Vermelho Violeta
PROPMOVER_TXT_100050,Violet Jack the Hammer,"Jack, o Martelo Violeta"
PROPMOVER_TXT_100051,Violet Giggle Box,Baú Risonho Violeta
PROPMOVER_TXT_100052,Violet Rock Muscle,Rock Muscle Violeta
PROPMOVER_TXT_100053,Violet Hobo,Hobo Violeta
PROPMOVER_TXT_100055,Violet Dumb Bull,Touro Tolo Violeta
PROPMOVER_TXT_100056,Violet Totemia,Totemia Violeta
PROPMOVER_TXT_100057,Violet Cardpuppet,Cardpuppet Violeta
PROPMOVER_TXT_100046,Violet Flybat,Flybat Violeta
PROPMOVER_TXT_100054,Violet Bucrow,Bucrow Violeta
PROPMOVER_TXT_100107,Baby Pink Cobra,Cobrinha Rosa
PROPMOVER_TXT_100108,Baby Giant Aibatt,Aibaittão
PROPMOVER_TXT_100109,Baby Glaphan,Glaphanzinho
PROPMOVER_TXT_100110,Baby Longwing,Longwinguinho
PROPMOVER_TXT_100111,Baby Saphyryan,Saphyryaninho
PROPMOVER_TXT_100112,Baby Mushpang,Mushpanguinho
PROPMOVER_TXT_100113,Baby Wagsaac,Wagsaackinho
PROPMOVER_TXT_100114,Baby Steel Knight,Cavaleirinho de Aço
PROPMOVER_TXT_100115,Baby Nautrepy,Nautrepynho
PROPMOVER_TXT_100116,Small Meteonyker,Meteonyker Pequeno
PROPMOVER_TXT_100117,Berserk Meteonyker,Meteonyker Furioso
PROPMOVER_TXT_100118,Cyclops X,Ciclope X
PROPMOVER_TXT_100119,Giant Cyclops X,Ciclope X Gigante
PROPMOVER_TXT_100120,Katamaw,Katamaw
PROPMOVER_TXT_100121,Zefus,Zefus
PROPMOVER_TXT_100122,Gruntizer,Gruntizer
PROPMOVER_TXT_100123,Obnis,Obnis
PROPMOVER_TXT_100124,Airon,Airon
PROPMOVER_TXT_100125,Kumah,Kumah
PROPMOVER_TXT_100126,Haom,Haom
PROPMOVER_TXT_100127,Scorched Meteonyker,Meteonyker Chamuscado
PROPMOVER_TXT_100128,Red Meteonyker,Meteonyker Vermelho
PROPMOVER_TXT_100129,Baby Zendros,Zendrinho
PROPMOVER_TXT_100130,Baby Dumb Bull,Tolinho
PROPMOVER_TXT_100131,Baby Bearnerky,Bearnerkynho
PROPMOVER_TXT_100132,Yetti,Yetti
PROPMOVER_TXT_100133,Mutant Yetti,Yetti Mutante
PROPMOVER_TXT_100134,Dark Yetti,Yetti Negro
PROPMOVER_TXT_100135,Mad Yetti,Yetti Furioso
PROPMOVER_TXT_100136,Violet Yetti,Yetti Violeta
PROPMOVER_TXT_100137,Augu,Augu
PROPMOVER_TXT_100138,Mutant Augu,Augu Mutante
PROPMOVER_TXT_100139,Ardent Augu,Augu Ardente
PROPMOVER_TXT_100140,Glacial Augu,Augu Glacial
PROPMOVER_TXT_100141,Violet Augu,Augu Violeta
PROPMOVER_TXT_100142,Ghost of the Forgotten Prince,Fantasma do Príncipe Esquecido
PROPMOVER_TXT_100143,Ghost of the Forgotten King,Fantasma do Rei Esquecido
PROPMOVER_TXT_100144,Ghost of the Forgotten Emperor,Fantasma do Imperador Esquecido
PROPMOVER_TXT_100145,Ghost of the Forgotten Overlord,Fantasma do Soberano Esquecido
PROPMOVER_TXT_100146,Violet Ghost of the Forgotten Monarch,Fantasma Violeta do Monarca Esquecido
PROPMOVER_TXT_100147,Mammoth,Mamute
PROPMOVER_TXT_100148,Cannibal Mammoth,Mamute Canibal
PROPMOVER_TXT_100149,Ancient Mammoth,Mamute Ancião
PROPMOVER_TXT_100150,Predator Mammoth,Mamute Predador
PROPMOVER_TXT_100151,Violet Mammoth,Mamute Violeta
PROPMOVER_TXT_100152,Gigaka,Gigaka
PROPMOVER_TXT_100153,Mawrang,Mawrang
PROPMOVER_TXT_100154,Miriun,Miriun
PROPMOVER_TXT_100155,Auxilior,Auxilior
PROPMOVER_TXT_100156,Blue Alien Octopus,Polvo Alienígena Azul
PROPMOVER_TXT_100157,Yellow Alien Octopus,Polvo Alienígena Amarelo
PROPMOVER_TXT_100158,Red Alien Octopus,Polvo Alienígena Vermelho
PROPMOVER_TXT_100159,White Alien Octopus,Polvo Alienígena Branco
PROPMOVER_TXT_100160,Green Alien Octopus,Polvo Alienígena Verde
PROPMOVER_TXT_100161,Black Alien Octopus,Polvo Alienígena Negro
PROPMOVER_TXT_100162,Baby Peakyturtle,Filhote de Peakyturtle
PROPMOVER_TXT_100163,Baby Rock Muscle,Rock Muscle Bebê
PROPMOVER_TXT_100164,Baby Giggle Box,Bauzinho Risonho
PROPMOVER_TXT_100165,Baby Totemia,Toteminha
PROPMOVER_TXT_100166,Baby Fafnir,Fafnirinho
PROPMOVER_TXT_100167,Baby Popcrank,Popcrankinho
PROPMOVER_TXT_100168,Rookie Cloudberry Carrier,Transportador Recruta de Baga Celeste
PROPMOVER_TXT_100169,Cloudberry Carrier,Transportador de Baga Celeste
PROPMOVER_TXT_100170,Lightberry Carrier,Transportador de Baga Clara
PROPMOVER_TXT_100171,Rookie Exoberry Carrier,Transportador Recruta de Baga Exótica
PROPMOVER_TXT_100172,Exoberry Carrier,Transportador de Baga Exótica
PROPMOVER_TXT_001068,Waforu,Waforu
PROPMOVER_TXT_001069,Mysterious Robed Girl,Garota de Túnica Misteriosa
PROPMOVER_TXT_001442,Lasa,Lasa
PROPMOVER_TXT_100173,Baby Giant Bang,Bangão
PROPMOVER_TXT_100174,Baby Burudeng,Burudenguinho
PROPMOVER_TXT_100175,Baby Iren,Ireninho
PROPMOVER_TXT_100176,Baby Mushpoie,Mushpoie Bebê
PROPMOVER_TXT_100177,Baby Flybrigen,Flybrigen Bebê
PROPMOVER_TXT_100178,Baby Nuctuvehicle,Mini Nuctuveículo
PROPMOVER_TXT_100179,Criminal Medumet,Medumet Criminoso
PROPMOVER_TXT_100180,Crystal Iphrine,Iphrine Cristal
PROPMOVER_TXT_100181,Yellow Teddy Bear,Ursinho Teddy Amarelo
PROPMOVER_TXT_100182,Blue Teddy Bear,Ursinho Teddy Azul
PROPMOVER_TXT_100183,Brown Teddy Bear,Ursinho Teddy Marrom
PROPMOVER_TXT_100184,Orange Teddy Bear,Ursinho Teddy Laranja
PROPMOVER_TXT_100185,Black Teddy Bear,Ursinho Teddy Preto
PROPMOVER_TXT_100186,White Teddy Bear,Ursinho Teddy Branco
PROPMOVER_TXT_100187,Baby Doridoma,Doridominha
PROPMOVER_TXT_100188,Baby Mothbee,Maribelhinha
PROPMOVER_TXT_100189,Baby Hobo,Hobinho
PROPMOVER_TXT_100190,Primgon,Primgon
PROPMOVER_TXT_100191,Blue Gummy Bear,Ursinho de Goma Azul
PROPMOVER_TXT_100192,Brown Gummy Bear,Ursinho de Goma Marrom
PROPMOVER_TXT_100193,Pink Gummy Bear,Ursinho de Goma Rosa
PROPMOVER_TXT_100194,Red Gummy Bear,Ursinho de Goma Vermelho
PROPMOVER_TXT_100195,Black Gummy Bear,Ursinho de Goma Preto
PROPMOVER_TXT_100196,White Gummy Bear,Ursinho de Goma Branco
PROPMOVER_TXT_100197,Baby Wild Rabbit,Coelho Selvagem
PROPMOVER_TXT_100198,Puppy,Cachorrinho
PROPMOVER_TXT_100199,Furious Mr. Pumpkin,Sr. Abóbora Furioso
PROPMOVER_TXT_100200,Deviant Mr. Pumpkin,Sr. Abóbora Divergente
PROPMOVER_TXT_100201,Baby Winged Sheep,Ovelha Alada
PROPMOVER_TXT_100202,Teddy Bear,Ursinho de Pelúcia
PROPMOVER_TXT_100203,Kitty with Yellow Umbrella,Gatinho com Guarda-chuva Amarelo
PROPMOVER_TXT_100204,Kitty with Green Umbrella,Gatinho com Guarda-chuva Verde
PROPMOVER_TXT_100205,Kitty with Pink Umbrella,Gatinho com Guarda-chuva Rosa
PROPMOVER_TXT_100206,Kitty with Purple Umbrella,Gatinho com Guarda-chuva Roxo
PROPMOVER_TXT_100207,Kitty with Beige Umbrella,Gatinho com Guarda-chuva Bege
PROPMOVER_TXT_100208,Kitty with Grey Umbrella,Gatinho com Guarda-chuva Cinza
PROPMOVER_TXT_100209,Halloween Ghost,Fantasma do Halloween
PROPMOVER_TXT_100210,Lord Big Muscle,"Lorde Musculão, o Assustador"
PROPMOVER_TXT_100211,Lord Krrr,"Lorde Krrr, o Amedrontador"
PROPMOVER_TXT_100212,Lord Mushmoot,"Lorde Mushmoot, o Horripilador"
PROPMOVER_TXT_100213,Lord Meteonyker,Lorde Meteonyker
PROPMOVER_TXT_100214,Lord Red Meteonyker,Lorde Meteonyker Vermelho
PROPMOVER_TXT_100215,Lord Pumpkin,Abóbora Lorde
PROPMOVER_TXT_100216,Lord Lykanos,Lorde Lykanos
PROPMOVER_TXT_100217,Lord Drakul,Lorde Drakul
PROPMOVER_TXT_100219,Lord Ripper,Ceifador Lorde
PROPMOVER_TXT_100220,Lord Mia,Lorde Mia
PROPMOVER_TXT_100221,Lord Iblis Leanes,Lorde Iblis Leanes
PROPMOVER_TXT_100222,Violet Halloween Puppet,Fantoche de Halloween Violeta
PROPMOVER_TXT_100223,Orange Halloween Puppet,Fantoche de Halloween Laranja
PROPMOVER_TXT_100224,Beige Halloween Puppet,Fantoche de Halloween Bege
PROPMOVER_TXT_100225,Pink Halloween Puppet,Fantoche de Halloween Rosa
PROPMOVER_TXT_100226,Grey Halloween Puppet,Fantoche de Halloween Cinza
PROPMOVER_TXT_100227,White Halloween Puppet,Fantoche de Halloween Branco
PROPMOVER_TXT_100228,Sport Pop Red Tiger,Tigre Esporte Pop Vermelho
PROPMOVER_TXT_100229,Sport Pop Blue Tiger,Tigre Esporte Pop Azul
PROPMOVER_TXT_100230,Sport Pop Green Tiger,Tigre Esporte Pop Verde
PROPMOVER_TXT_100231,Sport Pop Orange Tiger,Tigre Esporte Pop Laranja
PROPMOVER_TXT_100232,Sport Pop Pink Tiger,Tigre Esporte Pop Rosa
PROPMOVER_TXT_100233,Sport Pop Purple Tiger,Tigre Esporte Pop Roxo
PROPMOVER_TXT_100234,Purple Disco Poodle,Poodle da Discoteca Roxo
PROPMOVER_TXT_100235,Green Disco Poodle,Poodle da Discoteca Verde
PROPMOVER_TXT_100236,Orange Disco Poodle,Poodle da Discoteca Laranja
PROPMOVER_TXT_100237,Pink Disco Poodle,Poodle da Discoteca Rosa
PROPMOVER_TXT_100238,Black Disco Poodle,Poodle da Discoteca Preto
PROPMOVER_TXT_100239,Cyan Disco Poodle,Poodle da Discoteca Ciano
PROPMOVER_TXT_100240,Nine Tails,Nove Caudas
PROPMOVER_TXT_100241,Nero,Nero
PROPMOVER_TXT_100242,Thief Santa Monster,Monstro Papai Noel Impostor
PROPMOVER_TXT_100243,Grumpy elf,Duende Rabugento
PROPMOVER_TXT_100250,Blue Winter Pixie,Fada de Inverno Azul
PROPMOVER_TXT_100251,Green Winter Pixie,Fada de Inverno Verde
PROPMOVER_TXT_100252,Purple Winter Pixie,Fada de Inverno Roxa
PROPMOVER_TXT_100253,Cyan Winter Pixie,Fada de Inverno Ciano
PROPMOVER_TXT_100254,Black Winter Pixie,Fada de Inverno Negra
PROPMOVER_TXT_100255,White Winter Pixie,Fada de Inverno Branca
PROPMOVER_TXT_100256,Fu Lion King,Rei Leão Fu
PROPMOVER_TXT_100257,Black Winter Tiger,Tigrinho de Inverno Preto
PROPMOVER_TXT_100258,Pink Winter Tiger,Tigrinho de Inverno Rosa
PROPMOVER_TXT_100259,Green Winter Tiger ,Tigrinho de Inverno Verde
PROPMOVER_TXT_100260,Purple Winter Tiger ,Tigrinho de Inverno Roxo
PROPMOVER_TXT_100261,Orange Winter Tiger ,Tigrinho de Inverno Laranja
PROPMOVER_TXT_100262,Cyan Winter Tiger ,Tigrinho de Inverno Ciano
PROPMOVER_TXT_100263,Tonge,Tonge
PROPMOVER_TXT_100264,Fox,Raposa
PROPMOVER_TXT_100265,Mermaid Beauty,Bela Sereia
PROPMOVER_TXT_100266,Overgrown Shark,Tubarão Descomunal
PROPMOVER_TXT_100267,Grunt Gorilla,Gorila Grunhido
PROPMOVER_TXT_100268,Overgrown Spider,Aranha Descomunal
PROPMOVER_TXT_100269,Temple Guardian,O Guardião do Templo
PROPMOVER_TXT_100270,Sentient Tree Warrior,Árvore Senciente Guerreira
PROPMOVER_TXT_100271,Old Rut,Ancião Arboriano
PROPMOVER_TXT_100244,Skeletal Militant,Militante Esquelético
PROPMOVER_TXT_100245,Crystal Demon Lord,O Lorde Demônio de Cristal
PROPMOVER_TXT_100246,Great Kraken,O Grande Kraken
PROPMOVER_TXT_100247,Siren,Sereia
PROPMOVER_TXT_100248,Lurking Merman,Tritão Furtivo
PROPMOVER_TXT_100249,Cunning Merman,Tritão Astuto
PROPMOVER_TXT_001198,Great Catsy,Grande Catsy
PROPMOVER_TXT_001200,Great Harpy,Grande Harpy
PROPMOVER_TXT_001202,Great Gullah,Grande Gullah
PROPMOVER_TXT_001204,Great Abraxas,Grande Abraxas
PROPMOVER_TXT_001206,Great Hague,Grande Hague
PROPMOVER_TXT_001208,Great Tengu,Grande Tengu
PROPMOVER_TXT_001210,Great Asterius,Grande Asterius
PROPMOVER_TXT_001212,Great Dantalian,Grande Dantalian
PROPMOVER_TXT_001214,Great Gannessa,Grande Gannessa
PROPMOVER_TXT_001216,Great Asuras,Grande Asuras
PROPMOVER_TXT_001180,Small Nyx,Nyx Pequeno
PROPMOVER_TXT_001182,Nyx,Nyx
PROPMOVER_TXT_001184,Captain Nyx,Nyx Capitão
PROPMOVER_TXT_001186,Asmodan,"Asmodan, o Demônio da Escuridão"
PROPMOVER_TXT_001100,Small Harpy,Harpy Pequena
PROPMOVER_TXT_001102,Harpy,Harpy
PROPMOVER_TXT_001104,Captain Harpy,Harpy Capitão
PROPMOVER_TXT_001106,Giant Harpy,Harpy Gigante
PROPMOVER_TXT_001108,Small Gullah,Gullah Pequeno
PROPMOVER_TXT_001110,Gullah,Gullah
PROPMOVER_TXT_001112,Captain Gullah,Gullah Capitão
PROPMOVER_TXT_001114,Giant Gullah,Gullah Gigante
PROPMOVER_TXT_001116,Small Abraxas,Abraxas Pequeno
PROPMOVER_TXT_001118,Abraxas,Abraxas
PROPMOVER_TXT_001120,Captain Abraxas,Abraxas Capitão
PROPMOVER_TXT_001122,Giant Abraxas,Abraxas Gigante
PROPMOVER_TXT_001124,Small Hague,Hague Pequena
PROPMOVER_TXT_001126,Hague,Hague
PROPMOVER_TXT_001128,Captain Hague,Hague Capitã
PROPMOVER_TXT_001130,Giant Hague,Hague Gigante
PROPMOVER_TXT_001132,Small Tengu,Tengu Pequeno
PROPMOVER_TXT_001134,Tengu,Tengu
PROPMOVER_TXT_001136,Captain Tengu,Tengu Capitão
PROPMOVER_TXT_001138,Giant Tengu,Tengu Gigante
PROPMOVER_TXT_001140,Small Asterius,Asterius Pequeno
PROPMOVER_TXT_001142,Asterius,Asterius
PROPMOVER_TXT_001144,Captain Asterius,Asterius Capitão
PROPMOVER_TXT_001146,Giant Asterius,Asterius Gigante
PROPMOVER_TXT_001148,Small Dantalian,Dantalian Pequeno
PROPMOVER_TXT_001150,Dantalian,Dantalian
PROPMOVER_TXT_001152,Captain Dantalian,Dantalian Capitão
PROPMOVER_TXT_001154,Giant Dantalian,Dantalian Gigante
PROPMOVER_TXT_001156,Small Gannessa,Pequeno Gannessa
PROPMOVER_TXT_001158,Gannessa,Gannessa
PROPMOVER_TXT_001160,Captain Gannessa,Gannessa Capitão
PROPMOVER_TXT_001162,Giant Gannessa,Gannessa Gigante
PROPMOVER_TXT_001164,Small Asuras,Asuras Pequeno
PROPMOVER_TXT_001166,Asuras,Asuras
PROPMOVER_TXT_001168,Captain Asuras,Asuras Capitão
PROPMOVER_TXT_001170,Giant Asuras,Asuras Gigante
PROPMOVER_TXT_001172,Small Catsy,Catsy Pequeno
PROPMOVER_TXT_001174,Catsy,Catsy
PROPMOVER_TXT_001176,Giant Catsy,Catsy Gigante
PROPMOVER_TXT_001178,Captain Catsy,Catsy Capitão
PROPMOVER_TXT_001218,Knight 2,Cavaleiro 2
PROPMOVER_TXT_001220,Knight 1,Cavaleiro 1
PROPMOVER_TXT_001221,Queen Long Legs,Pernas Longas Rainha
PROPMOVER_TXT_001222,Nightmist Empress,Bruma Noturna Imperatriz
PROPMOVER_TXT_001223,Bolt Otem,Totem do Trovão
PROPMOVER_TXT_001224,Overgrown Broodmother,Mãe Colossal da Ninhada
PROPMOVER_TXT_001225,Spiderling,Aranhinha
PROPMOVER_TXT_001226,Enraged Gorilla,Gorila Enfurecido
PROPMOVER_TXT_001227,Sentient Tree Guardian,Árvore Senciente Guardiã
PROPMOVER_TXT_001228,Regal Kumai,Kumai Real
PROPMOVER_TXT_001229,Enchanted Rider,Cavaleiro Enfeitiçado
PROPMOVER_TXT_001230,Enchanted Shaman,Xamã Enfeitiçado
PROPMOVER_TXT_001231,Enchanted AI,IA Enfeitiçada
PROPMOVER_TXT_001232,Pyramid Keeper,O Protetor da Pirâmide
PROPMOVER_TXT_001233,Pyramid Guardian,O Guardião da Pirâmide
PROPMOVER_TXT_001234,Defense Otem,Totem de Defesa
PROPMOVER_TXT_001235,Skeleton General,Esqueleto General
PROPMOVER_TXT_230001,Enraged Yetti,Yetti Enfurecido
PROPMOVER_TXT_230002,Frozen Hare Guard,Lebre Guarda Congelado
PROPMOVER_TXT_230003,Saphyryan Hound,Saphyryan Perseguidor
PROPMOVER_TXT_230004,Deep Cave Gorilla,Gorila das Profundezas
PROPMOVER_TXT_230005,Caveman Chief,[Chefe] O Homem das Cavernas
PROPMOVER_TXT_230006,Cavern Larva,Larva da Caverna
PROPMOVER_TXT_230007,Radioactive Long Legs,Pernas Longas Radioativas
PROPMOVER_TXT_230008,Cavern Nightmist,Bruma Noturna da Caverna
PROPMOVER_TXT_230009,Frozen Hare Assassin,Lebre Assassino Congelado
PROPMOVER_TXT_230010,Giant Turtle,Tartaruga Gigante
PROPMOVER_TXT_230011,Kraken Spawn,Cria do Kraken
PROPMOVER_TXT_010000,Orange Sleeping Fox,Raposa Dorminhoca Laranja
PROPMOVER_TXT_010001,Black Sleeping Fox,Raposa Dorminhoca Preta
PROPMOVER_TXT_010002,Blue Sleeping Fox,Raposa Dorminhoca Azul
PROPMOVER_TXT_010003,Green Sleeping Fox,Raposa Dorminhoca Verde
PROPMOVER_TXT_010004,Pink Sleeping Fox,Raposa Dorminhoca Rosa
PROPMOVER_TXT_010005,Purple Sleeping Fox,Raposa Dorminhoca Roxo
PROPMOVER_TXT_010006,White Sleeping Fox,Raposa Dorminhoca Branco
PROPMOVER_TXT_110000,Pink Valentine's Bear,Raposa Dorminhoca Rosa
PROPMOVER_TXT_110001,White Valentine's Bear,Raposa Dorminhoca Branco
PROPMOVER_TXT_110002,Dark Valentine's Bear,Ursinho Amoroso Escuro
PROPMOVER_TXT_110003,Orange Valentine's Bear,Ursinho Amoroso Laranja
PROPMOVER_TXT_110004,Green Valentine's Bear,Ursinho Amoroso Verde
PROPMOVER_TXT_110005,Purple Valentine's Bear,Ursinho Amoroso Roxo
PROPMOVER_TXT_110006,Pink Little Cacti,Cactos Pequenino Rosa
PROPMOVER_TXT_110007,Green Little Cacti,Cactos Pequenino Verde
PROPMOVER_TXT_110008,Purple Little Cacti,Cactos Pequenino Roxo
PROPMOVER_TXT_110009,Orange Little Cacti,Cactos Pequenino Laranja
PROPMOVER_TXT_110010,Red Little Cacti,Cactos Pequenino Vermelho
PROPMOVER_TXT_110011,Cyan Little Cacti,Cactos Pequenino Ciano
PROPMOVER_TXT_110012,Phantom General,General Fantasma
PROPMOVER_TXT_110013,Golden Aibatt,Aibatt Dourado
PROPMOVER_TXT_110014,Pink Modern Sports Bear,Ursinho Esportivo Moderno Rosa
PROPMOVER_TXT_110015,Blue Modern Sports Bear,Ursinho Esportivo Moderno Azul
PROPMOVER_TXT_110016,Green Modern Sports Bear,Ursinho Esportivo Moderno Verde
PROPMOVER_TXT_110017,Purple Modern Sports Bear,Ursinho Esportivo Moderno Roxo
PROPMOVER_TXT_110018,Dark Modern Sports Bear,Ursinho Esportivo Moderno Escuro
PROPMOVER_TXT_110019,Light Modern Sports Bear,Ursinho Esportivo Moderno Claro
PROPMOVER_TXT_110020,Pink Easter Bunny,Coelhinho de Páscoa Rosa
PROPMOVER_TXT_110021,Pink Future Robot,Robô do Futuro Rosa
PROPMOVER_TXT_110022,Purple Future Robot,Robô do Futuro Roxo
PROPMOVER_TXT_110023,Cyan Future Robot,Robô do Futuro Ciano
PROPMOVER_TXT_110024,Dark Future Robot,Robô do Futuro Escuro
PROPMOVER_TXT_110025,Green Future Robot,Robô do Futuro Verde
PROPMOVER_TXT_110026,Blue Future Robot,Robô do Futuro Azul
PROPMOVER_TXT_110027,Flying Egg,Ovo Voador
PROPMOVER_TXT_110028,Eggcellent,Ovotástico
PROPMOVER_TXT_110029,Blue Flying Bunny,Coelhinho Voador Azul
PROPMOVER_TXT_110030,Green Flying Bunny,Coelhinho Voador Verde
PROPMOVER_TXT_110031,Pink Flying Bunny,Coelhinho Voador Rosa
PROPMOVER_TXT_110032,Purple Flying Bunny,Coelhinho Voador Roxo
PROPMOVER_TXT_110033,Brown Flying Bunny,Coelhinho Voador Marrom
PROPMOVER_TXT_110034,Black Flying Bunny,Coelhinho Voador Preto
PROPMOVER_TXT_110035,White Flying Bunny,Coelhinho Voador Branco
PROPMOVER_TXT_110036,Hantiger,Hantiger
PROPMOVER_TXT_110037,Galaxy Scout,Explorador da Galáxia
PROPMOVER_TXT_110038,Blue Hat Bunny,Coelhinho de Chapéu Azul
PROPMOVER_TXT_110039,Dark Hat Bunny,Coelhinho de Chapéu Escuro
PROPMOVER_TXT_110040,Green Hat Bunny,Coelhinho de Chapéu Verde
PROPMOVER_TXT_110041,Orange Hat Bunny,Coelhinho de Chapéu Laranja
PROPMOVER_TXT_110042,Pink Hat Bunny,Coelhinho de Chapéu Rosa
PROPMOVER_TXT_110043,Purple Hat Bunny,Coelhinho de Chapéu Roxo
PROPMOVER_TXT_110044,Black Hat Bunny,Coelhinho de Chapéu Preto
PROPMOVER_TXT_110045,White Hat Bunny,Coelhinho de Chapéu Branco
PROPMOVER_TXT_110047,Gold Skeleton,Esqueleto Dourado
PROPMOVER_TXT_110048,Birthday Baker,Padeiro de Aniversário
PROPMOVER_TXT_110049,White Stripe Purple Bear,Ursinho Listrado Branco e Roxo
PROPMOVER_TXT_110050,White Stripe Blue Bear,Ursinho Listrado Branco e Azul
PROPMOVER_TXT_110051,White Stripe Green Bear,Ursinho Listrado Branco e Verde
PROPMOVER_TXT_110052,White Stripe Orange Bear,Ursinho Listrado Branco e Laranja
PROPMOVER_TXT_110053,White Stripe Pink Bear,Ursinho Listrado Branco e Rosa
PROPMOVER_TXT_110054,White Stripe Black Bear,Ursinho Listrado Branco e Preto
PROPMOVER_TXT_110055,White Stripe White Bear,Ursinho Listrado Branco e Branco
PROPMOVER_TXT_110056,Lord Manager,Gerente Lorde
PROPMOVER_TXT_110057,Black Japanese Piggy,Porquinho Japonês Preto
PROPMOVER_TXT_110058,Purple Japanese Piggy,Porquinho Japonês Roxo
PROPMOVER_TXT_110059,Blue Japanese Piggy,Porquinho Japonês Azul
PROPMOVER_TXT_110060,Light Red Japanese Piggy,Porquinho Japonês Vermelho Claro
PROPMOVER_TXT_110061,Orange Japanese Piggy,Porquinho Japonês Laranja
PROPMOVER_TXT_110062,White Japanese Piggy,Porquinho Japonês Branco
PROPMOVER_TXT_110063,Light Japanese Piggy,Porquinho Japonês Claro
PROPMOVER_TXT_110064,Baby Carrierbomb,Carrierbomb Bebê
PROPMOVER_TXT_110065,Baby Fefern,Fefern Bebê
PROPMOVER_TXT_110066,Baby Wheelem,Wheelem Bebê
PROPMOVER_TXT_110067,Gacha Machine,Máquina Gacha
PROPMOVER_TXT_110068,Skating Cat,Gato Patinador
PROPMOVER_TXT_110069,Bach,Bach
PROPMOVER_TXT_110070,Neo Purple Robot,Robô Neo Roxo
PROPMOVER_TXT_110071,Neo Green Robot,Robô Neo Verde
PROPMOVER_TXT_110072,Neo Orange Robot,Robô Neo Laranja
PROPMOVER_TXT_110073,Neo Yellow Robot,Robô Neo Amarelo
PROPMOVER_TXT_110074,Neo Black Robot,Robô Neo Preto
PROPMOVER_TXT_110075,Neo White Robot,Robô Neo Branco
PROPMOVER_TXT_110076,Pink Flying Froggy,Sapinho Voador Rosa
PROPMOVER_TXT_110077,Green Flying Froggy,Sapinho Voador Verde
PROPMOVER_TXT_110078,Purple Flying Froggy,Sapinho Voador Roxo
PROPMOVER_TXT_110079,Red Flying Froggy,Sapinho Voador Vermelho
PROPMOVER_TXT_110080,Black Flying Froggy,Sapinho Voador Preto
PROPMOVER_TXT_110081,Blue Flying Froggy,Sapinho Voador Azul
PROPMOVER_TXT_002016,Rex Potato,Batata Rex
PROPMOVER_TXT_002017,Prince Potato,Batata Príncipe
PROPMOVER_TXT_002159,Private Leo,Leo Recruta
PROPMOVER_TXT_002160,Noah,Noah
PROPMOVER_TXT_110082,Draco,Draco
PROPMOVER_TXT_110083,Pink Axolotl,Axolote Rosa
PROPMOVER_TXT_110084,Yellow Axolotl,Axolote Amarelo
PROPMOVER_TXT_110085,Purple Axolotl,Axolote Roxo
PROPMOVER_TXT_110086,Blue Axolotl,Axolote Azul
PROPMOVER_TXT_110087,Red Axolotl,Axolote Vermelho
PROPMOVER_TXT_110088,Black Axolotl,Axolote Preto
PROPMOVER_TXT_110089,Traveling Merchant,Mercador Viajante
PROPMOVER_TXT_110046,Red Spirit Dragon,Dragão Espírito Vermelho
PROPMOVER_TXT_110090,Green Spirit Dragon,Dragão Espírito Verde
PROPMOVER_TXT_110091,Yellow Spirit Dragon,Dragão Espírito Amarelo
PROPMOVER_TXT_400000,Andrew,Andrew
PROPMOVER_TXT_110092,Molu,Molu
PROPMOVER_TXT_110093,Blue Flying Sheep,Ovelha Voadora Azul  
PROPMOVER_TXT_110094,Yellow Flying Sheep,Ovelha Voadora Amarela  
PROPMOVER_TXT_110095,Red Flying Sheep,Ovelha Voadora Vermelha  
PROPMOVER_TXT_110096,Purple Flying Sheep,Ovelha Voadora Roxa  
PROPMOVER_TXT_110097,Pink Flying Sheep,Ovelha Voadora Rosa  
PROPMOVER_TXT_110098,Black Flying Sheep,Ovelha Voadora Preta  
PROPMOVER_TXT_110100,Silver Aibatt,Aibatt Prateado
PROPMOVER_TXT_110151,Purple Floating Oni,Oni Flutuante Roxo
PROPMOVER_TXT_110152,Blue Floating Oni,Oni Flutuante Azul
PROPMOVER_TXT_110153,Green Floating Oni,Oni Flutuante Verde
PROPMOVER_TXT_110154,Red Floating Oni,Oni Flutuante Vermelho
PROPMOVER_TXT_110155,Ice Blue Floating Oni,Oni Flutuante Azul Gelo
PROPMOVER_TXT_110156,Black Floating Oni,Oni Flutuante Preto
PROPMOVER_TXT_110157,Orange Witch Cat,Gato Bruxa Laranja
PROPMOVER_TXT_110158,Purple Witch Cat,Gato Bruxa Roxo
PROPMOVER_TXT_110159,Green Witch Cat,Gato Bruxa Verde
PROPMOVER_TXT_110160,Red Witch Cat,Gato Bruxa Vermelho
PROPMOVER_TXT_110161,Blue Witch Cat,Gato Bruxa Azul
PROPMOVER_TXT_110162,White Witch Cat,Gato Bruxa Branco
PROPMOVER_TXT_110163,Purple Phantocat,Phantocat Roxo
PROPMOVER_TXT_110164,Blue Phantocat,Phantocat Azul
PROPMOVER_TXT_110165,Green Phantocat,Phantocat Verde
PROPMOVER_TXT_110166,Black Phantocat,Phantocat Preto
PROPMOVER_TXT_110167,Red Phantocat,Phantocat Vermelho
PROPMOVER_TXT_110168,White Phantocat,Phantocat Branco
PROPMOVER_TXT_210093,Prismatic Cobra,Cobra Prismática
PROPMOVER_TXT_210094,Twinstrike Cobra,Cobra de Duplo Ataque
PROPMOVER_TXT_210095,Tanuki Enforcer,Tanuki Executor
PROPMOVER_TXT_210096,Tanuki Protector,Tanuki Protetor
PROPMOVER_TXT_210097,Wildwood Stalker,Perseguidor Wildwood
PROPMOVER_TXT_210098,Wildwood Chieftain,Chefe Wildwood
PROPMOVER_TXT_210099,Beast King Khan,Rei das Feras Khan
PROPMOVER_TXT_210100,Small Kingster,Kingster Pequeno
PROPMOVER_TXT_110101,Kingster,Kingster
PROPMOVER_TXT_110102,Captain Kingster,Kingster Capitão
PROPMOVER_TXT_110103,Small Kraken,Kraken Pequeno
PROPMOVER_TXT_110104,Kraken,Kraken
PROPMOVER_TXT_110105,Captain Kraken,Kraken Capitão
PROPMOVER_TXT_110106,Small Creper,Creper Pequeno
PROPMOVER_TXT_110107,Creper,Creper
PROPMOVER_TXT_110108,Captain Creper,Creper Capitão
PROPMOVER_TXT_110109,Small Naga,Naga Pequeno
PROPMOVER_TXT_110110,Naga,Naga
PROPMOVER_TXT_110111,Captain Naga,Naga Capitão
PROPMOVER_TXT_110112,Small Atrox,Atrox Pequeno
PROPMOVER_TXT_110113,Atrox,Atrox
PROPMOVER_TXT_110114,Captain Atrox,Atrox Capitão
PROPMOVER_TXT_110115,Small Okean,Okean Pequeno
PROPMOVER_TXT_110116,Okean,Okean
PROPMOVER_TXT_110117,Captain Okean,Okean Capitão
PROPMOVER_TXT_110118,Small Tigar,Tigar Pequeno
PROPMOVER_TXT_110119,Tigar,Tigar
PROPMOVER_TXT_110120,Captain Tigar,Tigar Capitão
PROPMOVER_TXT_110121,Small Dorian,Dorian Pequeno
PROPMOVER_TXT_110122,Dorian,Dorian
PROPMOVER_TXT_110123,Captain Dorian,Dorian Capitão
PROPMOVER_TXT_110124,Small Meral,Meral Pequeno
PROPMOVER_TXT_110125,Meral,Meral
PROPMOVER_TXT_110126,Captain Meral,Meral Capitão
PROPMOVER_TXT_110127,Giant Kingster,Kingster Gigante
PROPMOVER_TXT_110128,Giant Kraken,Kraken Gigante
PROPMOVER_TXT_110129,Giant Creper,Creper Gigante
PROPMOVER_TXT_110130,Giant Naga,Naga Gigante
PROPMOVER_TXT_110131,Giant Atrox,Atrox Gigante
PROPMOVER_TXT_110132,Giant Okean,Okean Gigante
PROPMOVER_TXT_110133,Giant Tigar,Tigar Gigante
PROPMOVER_TXT_110134,Giant Dorian,Dorian Gigante
PROPMOVER_TXT_110135,Giant Meral,Meral Gigante
PROPMOVER_TXT_110136,Violet Kingster,Kingster Violeta
PROPMOVER_TXT_110137,Violet Kraken,Kraken Violeta
PROPMOVER_TXT_110138,Violet Creper,Creper Violeta
PROPMOVER_TXT_110139,Violet Naga,Naga Violeta
PROPMOVER_TXT_110140,Violet Atrox,Atrox Violeta
PROPMOVER_TXT_110141,Violet Okean,Okean Violeta
PROPMOVER_TXT_110142,Violet Tigar,Tigar Violeta
PROPMOVER_TXT_110143,Violet Dorian,Dorian Violeta
PROPMOVER_TXT_110144,Violet Meral,Meral Violeta
PROPMOVER_TXT_110145,Blue Flying Sheep,Ovelha Voadora Azul
PROPMOVER_TXT_110146,Yellow Flying Sheep,Ovelha Voadora Amarela
PROPMOVER_TXT_110147,Red Flying Sheep,Ovelha Voadora Vermelha
PROPMOVER_TXT_110148,Purple Flying Sheep,Ovelha Voadora Roxa
PROPMOVER_TXT_110149,Pink Flying Sheep,Ovelha Voadora Rosa
PROPMOVER_TXT_110150,Black Flying Sheep,Ovelha Voadora Preta
PROPMOVER_TXT_210151,Rainbow Race Officer,Oficial de Corrida Arco-íris
PROPMOVER_TXT_210152,Water Totem Pole,Totem de Água
PROPMOVER_TXT_210153,Wind Totem Pole,Totem de Vento
PROPMOVER_TXT_210154,Earth Totem Pole,Totem de Terra
PROPMOVER_TXT_210155,Fire Totem Pole,Totem de Fogo
PROPMOVER_TXT_210156,Electric Totem Pole,Totem de Eletricidade
PROPMOVER_TXT_210157,Twinstrike Den Mother,Mãe Den de Duplo Ataque
PROPMOVER_TXT_210158,The Wilds Guard,Guarda da Selvabruta
PROPMOVER_TXT_210159,Pau Pau,Pau Pau
PROPMOVER_TXT_210160,Kammie,Kammie
PROPMOVER_TXT_210161,BoBu,BoBu
PROPMOVER_TXT_210162,Talus,Talus
PROPMOVER_TXT_210163,Inventor Remi,Inventora Remi
PROPMOVER_TXT_210164,Sunny Pang,Sunny Pang
PROPMOVER_TXT_210165,'s Artifact,'s Artefato
PROPMOVER_TXT_210166,Tanuki Trainee,Tanuki Trainee
PROPMOVER_TXT_210167,Wildwood Shaman,Xamã Wildwood
PROPMOVER_TXT_001312,Charlie,Charlie
PROPMOVER_TXT_210168,Red Patrol Dog,Cão de Patrulha Vermelho
PROPMOVER_TXT_210169,Purple Patrol Dog,Cão de Patrulha Roxo
PROPMOVER_TXT_210170,Cyan Patrol Dog,Cão de Patrulha Ciano
PROPMOVER_TXT_210171,Blue Patrol Dog,Cão de Patrulha Azul
PROPMOVER_TXT_210172,Black Patrol Dog,Cão de Patrulha Preto
PROPMOVER_TXT_210173,White Patrol Dog,Cão de Patrulha Branco
PROPMOVER_TXT_110169,Wild Turkey,Peru Selvagem
PROPMOVER_TXT_210174,Red Rolling Clown,Palhaço Rolante Vermelho
PROPMOVER_TXT_210175,Purple Rolling Clown,Palhaço Rolante Roxo
PROPMOVER_TXT_210176,Green Rolling Clown,Palhaço Rolante Verde
PROPMOVER_TXT_210177,Pink Rolling Clown,Palhaço Rolante Rosa
PROPMOVER_TXT_210178,Blue Rolling Clown,Palhaço Rolante Azul
PROPMOVER_TXT_210179,White Rolling Clown,Palhaço Rolante Branco
PROPMOVER_TXT_001313,Thief Santa,Papai Noel Ladrão
PROPMOVER_TXT_001314,Santa,Pequeno Homem de Neve
PROPMOVER_TXT_400001,Red Snowman,Boneco de Neve Vermelho
PROPMOVER_TXT_400002,Purple Snowman,Boneco de Neve Roxo
PROPMOVER_TXT_400003,Pink Snowman,Boneco de Neve Rosa
PROPMOVER_TXT_400004,Green Snowman,Boneco de Neve Verde
PROPMOVER_TXT_400005,Blue Snowman,Boneco de Neve Azul
PROPMOVER_TXT_400006,Black Snowman,Boneco de Neve Preto
PROPMOVER_TXT_400007,Red Snowy Cat,Gato Nevado Vermelho
PROPMOVER_TXT_400008,Pink Snowy Cat,Gato Nevado Rosa
PROPMOVER_TXT_400009,Green Snowy Cat,Gato Nevado Verde
PROPMOVER_TXT_400010,Blue Snowy Cat,Gato Nevado Azul
PROPMOVER_TXT_400011,Purple Snowy Cat,Gato Nevado Roxo
PROPMOVER_TXT_400012,Black Snowy Cat,Gato Nevado Preto
PROPMOVER_TXT_400013,Blue Wonderful Dog,Cachorro Maravilhoso Azul
PROPMOVER_TXT_400014,Pink Wonderful Dog,Cachorro Maravilhoso Rosa
PROPMOVER_TXT_400015,Green Wonderful Dog,Cachorro Maravilhoso Verde
PROPMOVER_TXT_400016,Yellow Wonderful Dog,Cachorro Maravilhoso Amarelo
PROPMOVER_TXT_400017,Purple Wonderful Dog,Cachorro Maravilhoso Roxo
PROPMOVER_TXT_400018,Red Wonderful Dog,Cachorro Maravilhoso Vermelho
PROPMOVER_TXT_001316,Guest Book,Livro de Visitas
PROPMOVER_TXT_001315,Kalgas,Kalgas
PROPMOVER_TXT_001317,Artifact,Artifact
PROPMOVER_TXT_400019,Brown Cub,Brown Cub
PROPMOVER_TXT_400020,Purple Cub,Purple Cub
PROPMOVER_TXT_400021,Blue Cub,Blue Cub
PROPMOVER_TXT_400022,Green Cub,Green Cub
PROPMOVER_TXT_400023,White Cub,White Cub
PROPMOVER_TXT_400024,Black Cub,Black Cub
PROPMOVER_TXT_400025,Event Greemong,Event Greemong
PROPMOVER_TXT_400200,[Event] Giant Wagsaac,[Event] Giant Wagsaac
PROPMOVER_TXT_400201,[Event] Giant Jack the Hammer,[Event] Giant Jack the Hammer
PROPMOVER_TXT_400202,[Event] Giant Bucrow,[Event] Giant Bucrow
PROPMOVER_TXT_400203,[Event] Giant Totemia,[Event] Giant Totemia
PROPMOVER_TXT_400204,[Event] Giant Wheelem,[Event] Giant Wheelem
PROPMOVER_TXT_400205,[Event] Giant Hoppre,[Event] Giant Hoppre
PROPMOVER_TXT_400206,[Event] Giant Mushpoie,[Event] Giant Mushpoie
PROPMOVER_TXT_400207,[Event] Giant Watangka,[Event] Giant Watangka
PROPMOVER_TXT_400208,[Event] Giant Fafnir,[Event] Giant Fafnir
PROPMOVER_TXT_400209,[Event] Giant Gorruda,[Event] Giant Gorruda
PROPMOVER_TXT_400210,[Event] Giant Medumet,[Event] Giant Medumet
PROPMOVER_TXT_400211,[Event] Glacial Augu,[Event] Glacial Augu
PROPMOVER_TXT_400212,[Event] Ghost of the forgotten Overlord,[Event] Ghost of the forgotten Overlord
PROPMOVER_TXT_400213,[Event] Giant Asuras,[Event] Giant Asuras
PROPMOVER_TXT_400214,[Event] Giant Tigar,[Event] Giant Tigar
PROPMOVER_TXT_400215,[Event] Captain Flybat,[Event] Captain Flybat
PROPMOVER_TXT_400216,[Event] Mr. Pumpkin,[Event] Mr. Pumpkin
PROPMOVER_TXT_400217,[Event] Dumb Bull,[Event] Dumb Bull
PROPMOVER_TXT_400218,[Event] Scorpicon,[Event] Scorpicon
PROPMOVER_TXT_400219,[Event] Wheelem,[Event] Wheelem
PROPMOVER_TXT_400220,[Event] Steel Knight,[Event] Steel Knight
PROPMOVER_TXT_400221,[Event] Driller,[Event] Driller
PROPMOVER_TXT_400222,[Event] Captian Volt,[Event] Captian Volt
PROPMOVER_TXT_400223,[Event] Greemong,[Event] Greemong
PROPMOVER_TXT_400224,[Event] Iren,[Event] Iren
PROPMOVER_TXT_400225,[Event] Watangka,[Event] Watangka
PROPMOVER_TXT_400226,[Event] Small Antiquery,[Event] Small Antiquery
PROPMOVER_TXT_400227,[Event] Antiquery,[Event] Antiquery
PROPMOVER_TXT_400228,[Event] Luia,[Event] Luia
PROPMOVER_TXT_400229,[Event] Small Gongury,[Event] Small Gongury
PROPMOVER_TXT_400230,[Event] Harpy,[Event] Harpy
PROPMOVER_TXT_400231,[Event] Kern,[Event] Kern
PROPMOVER_TXT_400232,[Event] Small Medumet,[Event] Small Medumet
PROPMOVER_TXT_400233,[Event] Yetti,[Event] Yetti
PROPMOVER_TXT_400234,[Event] Small Dantalian,[Event] Small Dantalian
PROPMOVER_TXT_400235,[Event] Mutant Augu,[Event] Mutant Augu
PROPMOVER_TXT_400236,[Event] Ghost of the forgotten king,[Event] Ghost of the forgotten king
PROPMOVER_TXT_400237,[Event] Small Asuras,[Event] Small Asuras
PROPMOVER_TXT_400238,[Event] Mammoth,[Event] Mammoth
PROPMOVER_TXT_400239,[Event] Asuras,[Event] Asuras
PROPMOVER_TXT_400240,[Event] Cannibal Mammoth,[Event] Cannibal Mammoth
PROPMOVER_TXT_400241,[Event] Meral,[Event] Meral
PROPMOVER_TXT_400026,Blue Pixel Rabbit,Blue Pixel Rabbit
PROPMOVER_TXT_400027,Red Pixel Rabbit,Red Pixel Rabbit
PROPMOVER_TXT_400028,Green Pixel Rabbit,Green Pixel Rabbit
PROPMOVER_TXT_400029,Pink Pixel Rabbit,Pink Pixel Rabbit
PROPMOVER_TXT_400030,Purple Pixel Rabbit,Purple Pixel Rabbit
PROPMOVER_TXT_400031,Yellow Pixel Rabbit,Yellow Pixel Rabbit
PROPMOVER_TXT_001319,[Event] Leyena,[Event] Leyena
PROPMOVER_TXT_001321,[Event] Giant Kraken,[Event] Giant Kraken
PROPMOVER_TXT_400032,[Event] Giggle Box,[Event] Giggle Box
PROPMOVER_TXT_400033,[Event] Violet Giggle Box,[Event] Violet Giggle Box
PROPMOVER_TXT_400034,Fox Spirit,Fox Spirit
PROPMOVER_TXT_400035,Ninja Toad,Ninja Toad
PROPMOVER_TXT_400036,Steambot,Steambot
PROPMOVER_TXT_400037,White Lion,White Lion
PROPMOVER_TXT_400038,Phio,Phio
PROPMOVER_TXT_400242,Black Anniversary Cat,Black Anniversary Cat
PROPMOVER_TXT_400243,Purple Anniversary Cat,Purple Anniversary Cat
PROPMOVER_TXT_400244,Pink Anniversary Cat,Pink Anniversary Cat
PROPMOVER_TXT_400245,Green Anniversary Cat,Green Anniversary Cat
PROPMOVER_TXT_400246,Cyan Anniversary Cat,Cyan Anniversary Cat
PROPMOVER_TXT_400247,Blue Anniversary Cat,Blue Anniversary Cat
PROPMOVER_TXT_400248,White Anniversary Cat,White Anniversary Cat
PROPMOVER_TXT_400249,Lord Trangfoma,Lord Trangfoma
PROPMOVER_TXT_400250,Shadow of Clockworks,Shadow of Clockworks
PROPMOVER_TXT_400251,Blue Magical Toad,Blue Magical Toad
PROPMOVER_TXT_400252,Pink Magical Toad,Pink Magical Toad
PROPMOVER_TXT_400253,Orange Magical Toad,Orange Magical Toad
PROPMOVER_TXT_400254,Green Magical Toad,Green Magical Toad
PROPMOVER_TXT_400255,Red Magical Toad,Red Magical Toad
PROPMOVER_TXT_400256,Dark Magical Toad,Dark Magical Toad
PROPMOVER_TXT_400258,[Event] Creper,[Event] Creper
PROPMOVER_TXT_400259,[Event] Violet Creper,[Event] Violet Creper
PROPMOVER_TXT_400260,Red Earless Seal,Red Earless Seal
PROPMOVER_TXT_400261,Purple Earless Seal,Purple Earless Seal
PROPMOVER_TXT_400262,Burgundy Earless Seal,Burgundy Earless Seal
PROPMOVER_TXT_400263,Pink Earless Seal,Pink Earless Seal
PROPMOVER_TXT_400264,Orange Earless Seal,Orange Earless Seal
PROPMOVER_TXT_400265,Blue Earless Seal,Blue Earless Seal
PROPMOVER_TXT_400266,White Earless Seal,White Earless Seal
PROPMOVER_TXT_400267,Brown Butterflies,Brown Butterflies
PROPMOVER_TXT_400268,Purple Butterflies,Purple Butterflies
PROPMOVER_TXT_400269,Green Butterflies,Green Butterflies
PROPMOVER_TXT_400270,Pink Butterflies,Pink Butterflies
PROPMOVER_TXT_400271,Red Butterflies,Red Butterflies
PROPMOVER_TXT_400272,White Butterflies,White Butterflies
PROPMOVER_TXT_400273,Black Butterflies,Black Butterflies
PROPMOVER_TXT_400274,Green DJ Froggy,Green DJ Froggy
PROPMOVER_TXT_400275,Red DJ Froggy,Red DJ Froggy
PROPMOVER_TXT_400276,Purple DJ Froggy,Purple DJ Froggy
PROPMOVER_TXT_400277,Pink DJ Froggy,Pink DJ Froggy
PROPMOVER_TXT_400278,Cyan DJ Froggy,Cyan DJ Froggy
PROPMOVER_TXT_400279,Blue DJ Froggy,Blue DJ Froggy
PROPMOVER_TXT_400280,Black DJ Froggy,Black DJ Froggy
PROPMOVER_TXT_400281,Lord Demian,Lord Demian
PROPMOVER_TXT_400282,Lord Mushpang,Lord Mushpang
PROPMOVER_TXT_400283,Yellow Junior Banana Hero,Yellow Junior Banana Hero
PROPMOVER_TXT_400284,Purple Junior Banana Hero,Purple Junior Banana Hero
PROPMOVER_TXT_400285,Orange Junior Banana Hero,Orange Junior Banana Hero
PROPMOVER_TXT_400286,Blue Junior Banana Hero,Blue Junior Banana Hero
PROPMOVER_TXT_400287,Green Junior Banana Hero,Green Junior Banana Hero
PROPMOVER_TXT_400288,Pink Junior Banana Hero,Pink Junior Banana Hero
PROPMOVER_TXT_400289,White Junior Banana Hero,White Junior Banana Hero
PROPMOVER_TXT_400290,Lord Zenma,Lord Zenma
PROPMOVER_TXT_400291,[Event] Pirate ship,[Event] Pirate ship
PROPMOVER_TXT_400292,Shadowirs,Shadowirs
PROPMOVER_TXT_400293,Captain Shadowirs,Captain Shadowirs
PROPMOVER_TXT_400294,Giant Shadowirs,Giant Shadowirs
PROPMOVER_TXT_400295,Small Skelmaw,Small Skelmaw
PROPMOVER_TXT_400296,Skelmaw,Skelmaw
PROPMOVER_TXT_400297,Captain Skelmaw,Captain Skelmaw
PROPMOVER_TXT_400298,Giant Skelmaw,Giant Skelmaw
PROPMOVER_TXT_400299,Alchemy Desk,Alchemy Desk
PROPMOVER_TXT_400300,Hearth,Hearth
PROPMOVER_TXT_400301,Carpentry Workspace,Carpentry Workspace
PROPMOVER_TXT_400302,Smithing Workspace,Smithing Workspace
PROPMOVER_TXT_400303,Wandering Merchant,Wandering Merchant
PROPMOVER_TXT_400304,Small Maleficar,Small Maleficar
PROPMOVER_TXT_400305,Maleficar,Maleficar
PROPMOVER_TXT_400306,Captain Maleficar,Captain Maleficar
PROPMOVER_TXT_400307,Giant Maleficar,Giant Maleficar
PROPMOVER_TXT_400308,Small Cursed Warden,Small Cursed Warden
PROPMOVER_TXT_400309,Cursed Warden,Cursed Warden
PROPMOVER_TXT_400310,Captain Cursed Warden,Captain Cursed Warden
PROPMOVER_TXT_400311,Giant Cursed Warden,Giant Cursed Warden
PROPMOVER_TXT_400312,Small Shadowirs,Small Shadowirs
PROPMOVER_TXT_400313,Great Shadowirs,Great Shadowirs
PROPMOVER_TXT_400314,Great Skelmaw,Great Skelmaw
PROPMOVER_TXT_400315,Great Maleficar,Great Maleficar
PROPMOVER_TXT_400316,Great Cursed Warden,Great Cursed Warden
PROPMOVER_TXT_400317,Cyan Gloomie,Cyan Gloomie
PROPMOVER_TXT_400318,Green Gloomie,Green Gloomie
PROPMOVER_TXT_400319,Blue Gloomie,Blue Gloomie
PROPMOVER_TXT_400320,Purple Gloomie,Purple Gloomie
PROPMOVER_TXT_400321,Red Gloomie,Red Gloomie
PROPMOVER_TXT_400322,Gray Gloomie,Gray Gloomie
PROPMOVER_TXT_400323,Blue Medieval Horse,Blue Medieval Horse
PROPMOVER_TXT_400324,Purple Medieval Horse,Purple Medieval Horse
PROPMOVER_TXT_400325,Cyan Medieval Horse,Cyan Medieval Horse
PROPMOVER_TXT_400326,Green Medieval Horse,Green Medieval Horse
PROPMOVER_TXT_400327,Red Medieval Horse,Red Medieval Horse
PROPMOVER_TXT_400328,Black Medieval Horse,Black Medieval Horse
PROPMOVER_TXT_400329,Captain Luminfin,Captain Luminfin
PROPMOVER_TXT_400330,[Depths Guardian] Bunyip,[Depths Guardian] Bunyip
PROPMOVER_TXT_400331,[Depths Queen] Nereid,[Depths Queen] Nereid
PROPMOVER_TXT_400332,Sovann,Sovann
PROPMOVER_TXT_400333,[Shade Lieutenant] Kriton,[Shade Lieutenant] Kriton
PROPMOVER_TXT_400334,Dreadfin,Dreadfin
PROPMOVER_TXT_400335,Captain Dreadfin,Captain Dreadfin
PROPMOVER_TXT_400336,Dreadscale,Dreadscale
PROPMOVER_TXT_400337,Captain Dreadscale,Captain Dreadscale
PROPMOVER_TXT_400338,Luminfin,Luminfin
PROPMOVER_TXT_400339,Hyuna,Hyuna
PROPMOVER_TXT_400350,[Event] Christmas Aibatt,[Event] Christmas Aibatt
PROPMOVER_TXT_400351,Blue Cobra,Blue Cobra
PROPMOVER_TXT_400340,Red Christmas Gingy,Red Christmas Gingy
PROPMOVER_TXT_400341,Green Christmas Gingy,Green Christmas Gingy
PROPMOVER_TXT_400342,Pink Christmas Gingy,Pink Christmas Gingy
PROPMOVER_TXT_400343,Orange Christmas Gingy,Orange Christmas Gingy
PROPMOVER_TXT_400344,Purple Christmas Gingy,Purple Christmas Gingy
PROPMOVER_TXT_400345,Blue Christmas Gingy,Blue Christmas Gingy
PROPMOVER_TXT_400352,Green Little Snaky,Green Little Snaky
PROPMOVER_TXT_400353,Purple Little Snaky,Purple Little Snaky
PROPMOVER_TXT_400354,Pink Little Snaky,Pink Little Snaky
PROPMOVER_TXT_400355,Blue Little Snaky,Blue Little Snaky
PROPMOVER_TXT_400356,Red Little Snaky,Red Little Snaky
PROPMOVER_TXT_400357,Emerald Little Snaky,Emerald Little Snaky
PROPMOVER_TXT_400358,Black Little Snaky,Black Little Snaky
PROPMOVER_TXT_400359,Purple Frostpaw,Purple Frostpaw
PROPMOVER_TXT_400360,Yellow Frostpaw,Yellow Frostpaw
PROPMOVER_TXT_400361,Blue Frostpaw,Blue Frostpaw
PROPMOVER_TXT_400362,Green Frostpaw,Green Frostpaw
PROPMOVER_TXT_400363,Pink Frostpaw,Pink Frostpaw
PROPMOVER_TXT_400364,Red Frostpaw,Red Frostpaw
PROPMOVER_TXT_400365,White Frostpaw,White Frostpaw
PROPMOVER_TXT_400366,Black Frostpaw,Black Frostpaw
PROPMOVER_TXT_400367,Red Roaryen,Red Roaryen
PROPMOVER_TXT_400368,Purple Roaryen,Purple Roaryen
PROPMOVER_TXT_400369,Blue Roaryen,Blue Roaryen
PROPMOVER_TXT_400370,Green Roaryen,Green Roaryen
PROPMOVER_TXT_400371,White Roaryen,White Roaryen
PROPMOVER_TXT_400372,Black Roaryen,Black Roaryen
PROPMOVER_TXT_001236,Mechamochi,Mechamochi
PROPMOVER_TXT_001237,[Event] Clockworks,[Event] Clockworks
PROPMOVER_TXT_001238,Baby Pang,Baby Pang
PROPMOVER_TXT_400373,Lord Mothbee,Lord Mothbee
PROPMOVER_TXT_400374,Lord Zendros,Lord Zendros
PROPMOVER_TXT_400375,Lord Dumb Bull,Lord Dumb Bull
PROPMOVER_TXT_400376,Lord Totemia,Lord Totemia
PROPMOVER_TXT_400377,Lord Flybrigen,Lord Flybrigen
PROPMOVER_TXT_400378,Lord Neparuba,Lord Neparuba
PROPMOVER_TXT_400379,Lord Rockepeller,Lord Rockepeller
PROPMOVER_TXT_400380,Lord Longwing,Lord Longwing
PROPMOVER_TXT_400381,Lord Shuhamma,Lord Shuhamma
PROPMOVER_TXT_400382,Lord Watangka,Lord Watangka
PROPMOVER_TXT_400383,Lord Fafnir,Lord Fafnir
PROPMOVER_TXT_400384,Lord Gorruda,Lord Gorruda
PROPMOVER_TXT_400385,Lord Mammoth,Lord Mammoth
PROPMOVER_TXT_400386,Ghost of the Forgotten Lord,Ghost of the Forgotten Lord
PROPMOVER_TXT_400387,Lord Augu,Lord Augu
PROPMOVER_TXT_400388,Overlord Kraken,Overlord Kraken
PROPMOVER_TXT_400389,Lord Dorian,Lord Dorian
PROPMOVER_TXT_400390,Lord Okean,Lord Okean
PROPMOVER_TXT_400391,Lord Naga,Lord Naga
PROPMOVER_TXT_400392,Overlord Naga,Overlord Naga
PROPMOVER_TXT_400393,Overlord Meral,Overlord Meral
PROPMOVER_TXT_400394,Lord Tigar,Lord Tigar
PROPMOVER_TXT_400395,Pink Guardian Easter Bunny,Pink Guardian Easter Bunny
PROPMOVER_TXT_400396,Green Guardian Easter Bunny,Green Guardian Easter Bunny
PROPMOVER_TXT_400397,Blue Guardian Easter Bunny,Blue Guardian Easter Bunny
PROPMOVER_TXT_400398,Orange Guardian Easter Bunny,Orange Guardian Easter Bunny
PROPMOVER_TXT_400399,Purple Guardian Easter Bunny,Purple Guardian Easter Bunny
PROPMOVER_TXT_400400,Dark Guardian Easter Bunny,Dark Guardian Easter Bunny
PROPMOVER_TXT_400401,Lord Yetti,Lord Yetti
PROPMOVER_TXT_400402,Purple Pawsy,Purple Pawsy
PROPMOVER_TXT_400403,Red Pawsy,Red Pawsy
PROPMOVER_TXT_400404,Green Pawsy,Green Pawsy
PROPMOVER_TXT_400405,Blue Pawsy,Blue Pawsy
PROPMOVER_TXT_400406,Magenta Pawsy,Magenta Pawsy
PROPMOVER_TXT_400407,Lavender Pawsy,Lavender Pawsy
PROPMOVER_TXT_400408,Pink Pawsy,Pink Pawsy
PROPMOVER_TXT_400409,Gray Pawsy,Gray Pawsy
PROPMOVER_TXT_400410,Orange Flumos,Orange Flumos
PROPMOVER_TXT_400411,Purple Flumos,Purple Flumos
PROPMOVER_TXT_400412,Red Flumos,Red Flumos
PROPMOVER_TXT_400413,Blue Flumos,Blue Flumos
PROPMOVER_TXT_400414,Green Flumos,Green Flumos
PROPMOVER_TXT_400415,Yellow Flumos,Yellow Flumos
PROPMOVER_TXT_400416,White Flumos,White Flumos
PROPMOVER_TXT_400417,Black Flumos,Black Flumos
PROPMOVER_TXT_400418,Wounded Revolutionary,Wounded Revolutionary
PROPMOVER_TXT_400419,Yellow Breezy,Yellow Breezy
PROPMOVER_TXT_400420,Purple Breezy,Purple Breezy
PROPMOVER_TXT_400421,Blue Breezy,Blue Breezy
PROPMOVER_TXT_400422,Pink Breezy,Pink Breezy
PROPMOVER_TXT_400423,White Breezy,White Breezy
PROPMOVER_TXT_400424,Black Breezy,Black Breezy
PROPMOVER_TXT_400425,Blue Pawsh,Blue Pawsh
PROPMOVER_TXT_400426,Pink Pawsh,Pink Pawsh
PROPMOVER_TXT_400427,Orange Pawsh,Orange Pawsh
PROPMOVER_TXT_400428,Green Pawsh,Green Pawsh
PROPMOVER_TXT_400429,Navy Pawsh,Navy Pawsh
PROPMOVER_TXT_400430,Red Pawsh,Red Pawsh
PROPMOVER_TXT_400431,Fortune Pang,Fortune Pang
PROPMOVER_TXT_400432,Orange Marshall,Orange Marshall
PROPMOVER_TXT_400433,Green Marshall,Green Marshall
PROPMOVER_TXT_400434,Cyan Marshall,Cyan Marshall
PROPMOVER_TXT_400435,Purple Marshall,Purple Marshall
PROPMOVER_TXT_400436,Red Marshall,Red Marshall
PROPMOVER_TXT_400437,Neon Marshall,Neon Marshall
PROPMOVER_TXT_400438,Brown Strawy Jack,Brown Strawy Jack
PROPMOVER_TXT_400439,Maroon Strawy Jack,Maroon Strawy Jack
PROPMOVER_TXT_400440,Green Strawy Jack,Green Strawy Jack
PROPMOVER_TXT_400441,Purple Strawy Jack,Purple Strawy Jack
PROPMOVER_TXT_400442,Olive Strawy Jack,Olive Strawy Jack
PROPMOVER_TXT_400443,Blue Strawy Jack,Blue Strawy Jack
PROPMOVER_TXT_400444,Black Strawy Jack,Black Strawy Jack
PROPMOVER_TXT_400445,White Strawy Jack,White Strawy Jack
PROPMOVER_TXT_400446,[Event] Giant Mr. Pumpkin,[Event] Giant Mr. Pumpkin
PROPMOVER_TXT_400447,Green Frogzy,Green Frogzy
PROPMOVER_TXT_400448,Yellow Frogzy,Yellow Frogzy
PROPMOVER_TXT_400449,Pink Frogzy,Pink Frogzy
PROPMOVER_TXT_400450,Purple Frogzy,Purple Frogzy
PROPMOVER_TXT_400451,Cyan Frogzy,Cyan Frogzy
PROPMOVER_TXT_400452,Mint Green Frogzy,Mint Green Frogzy
PROPMOVER_TXT_400453,Black Frogzy,Black Frogzy
PROPMOVER_TXT_400454,White Frogzy,White Frogzy
PROPMOVER_TXT_400455,Orange Whispero,Orange Whispero
PROPMOVER_TXT_400456,Yellow Whispero,Yellow Whispero
PROPMOVER_TXT_400457,Pink Whispero,Pink Whispero
PROPMOVER_TXT_400458,Purple Whispero,Purple Whispero
PROPMOVER_TXT_400459,Blue Whispero,Blue Whispero
PROPMOVER_TXT_400460,Green Whispero,Green Whispero
PROPMOVER_TXT_400461,Black Whispero,Black Whispero
PROPMOVER_TXT_400462,White Whispero,White Whispero
PROPMOVER_TXT_400463,Green Mecha Rabbit,Green Mecha Rabbit
PROPMOVER_TXT_400464,Orange Mecha Rabbi,Orange Mecha Rabbi
PROPMOVER_TXT_400465,Red Mecha Rabbit,Red Mecha Rabbit
PROPMOVER_TXT_400466,Pink Mecha Rabbit,Pink Mecha Rabbit
PROPMOVER_TXT_400467,Purple Mecha Rabbi,Purple Mecha Rabbi
PROPMOVER_TXT_400468,Blue Mecha Rabbit,Blue Mecha Rabbit
PROPMOVER_TXT_400469,Black Mecha Rabbit,Black Mecha Rabbit
PROPMOVER_TXT_400470,White Mecha Rabbit,White Mecha Rabbit
PROPMOVER_TXT_400471,Hellhound,Hellhound
PROPMOVER_TXT_500001,Kanrang,Kanrang
PROPMOVER_TXT_500002,Mewrang,Mewrang
PROPMOVER_TXT_500003,Relgantus,Relgantus
PROPMOVER_TXT_500004,Huntrang,Huntrang
PROPMOVER_TXT_500005,Mawrang,Mawrang
PROPMOVER_TXT_500006,Cheirang,Cheirang
PROPMOVER_TXT_500007,Bato,Bato
PROPMOVER_TXT_500008,Ralbadan,Ralbadan
PROPMOVER_TXT_500009,Miorang,Miorang
PROPMOVER_TXT_500010,Ruidan,Ruidan
PROPMOVER_TXT_500011,Weevs,Weevs
PROPMOVER_TXT_500012,Small Hundur Sharpfoot,Small Hundur Sharpfoot
PROPMOVER_TXT_500013,Hundur Sharpfoot,Hundur Sharpfoot
PROPMOVER_TXT_500014,Captain Hundur Sharpfoot,Captain Hundur Sharpfoot
PROPMOVER_TXT_500015,Giant Hundur Sharpfoot,Giant Hundur Sharpfoot
PROPMOVER_TXT_500016,Violet Hundur Sharpfoot,Violet Hundur Sharpfoot
PROPMOVER_TXT_500017,Small Samoset,Small Samoset
PROPMOVER_TXT_500018,Samoset,Samoset
PROPMOVER_TXT_500019,Captain Samoset,Captain Samoset
PROPMOVER_TXT_500020,Giant Samoset,Giant Samoset
PROPMOVER_TXT_500021,Violet Samoset,Violet Samoset
PROPMOVER_TXT_500022,Small Kyouchish,Small Kyouchish
PROPMOVER_TXT_500023,Kyouchish,Kyouchish
PROPMOVER_TXT_500024,Captain Kyouchish,Captain Kyouchish
PROPMOVER_TXT_500025,Giant Kyouchish,Giant Kyouchish
PROPMOVER_TXT_500026,Violet Kyouchish,Violet Kyouchish
PROPMOVER_TXT_500027,Small Kanonicus,Small Kanonicus
PROPMOVER_TXT_500028,Kanonicus,Kanonicus
PROPMOVER_TXT_500029,Captain Kanonicus,Captain Kanonicus
PROPMOVER_TXT_500030,Giant Kanonicus,Giant Kanonicus
PROPMOVER_TXT_500031,Violet Kanonicus,Violet Kanonicus
PROPMOVER_TXT_500032,Small Mage Redcloud,Small Mage Redcloud
PROPMOVER_TXT_500033,Mage Redcloud,Mage Redcloud
PROPMOVER_TXT_500034,Captain Mage Redcloud,Captain Mage Redcloud
PROPMOVER_TXT_500035,Giant Mage Redcloud,Giant Mage Redcloud
PROPMOVER_TXT_500036,Violet Mage Redcloud,Violet Mage Redcloud
PROPMOVER_TXT_500037,Small Taiaha,Small Taiaha
PROPMOVER_TXT_500038,Taiaha,Taiaha
PROPMOVER_TXT_500039,Captain Taiaha,Captain Taiaha
PROPMOVER_TXT_500040,Giant Taiaha,Giant Taiaha
PROPMOVER_TXT_500041,Violet Taiaha,Violet Taiaha
PROPMOVER_TXT_500042,Small Hellhound,Small Hellhound
PROPMOVER_TXT_500043,Hellhound,Hellhound
PROPMOVER_TXT_500044,Captain Hellhound,Captain Hellhound
PROPMOVER_TXT_500045,Giant Hellhound,Giant Hellhound
PROPMOVER_TXT_500046,Violet Hellhound,Violet Hellhound
PROPMOVER_TXT_500047,Chief Keokuk,Chief Keokuk
PROPMOVER_TXT_500048,Monument of Death,Monument of Death
PROPMOVER_TXT_500049,[Twisted Soul] Orcus,[Twisted Soul] Orcus
PROPMOVER_TXT_500050,[Tormented Soul] Nergal,[Tormented Soul] Nergal
PROPMOVER_TXT_500051,[Demonic Soul] Hel,[Demonic Soul] Hel
PROPMOVER_TXT_500052,[Perverted Soul] Morrigan,[Perverted Soul] Morrigan
PROPMOVER_TXT_500053,[Anguished Soul] Mara,[Anguished Soul] Mara
PROPMOVER_TXT_500054,[Violent Soul] Ghed ,[Violent Soul] Ghed 
PROPMOVER_TXT_500055,[God of Death] Ankou,[God of Death] Ankou
PROPMOVER_TXT_500056,[God of Death] Blazing Ankou,[God of Death] Blazing Ankou
PROPMOVER_TXT_500057,[God of Death] Demonic Ankou,[God of Death] Demonic Ankou
PROPMOVER_TXT_500058,[Elder] Traitus,[Elder] Traitus
PROPMOVER_TXT_500059,Asylum Guard,Asylum Guard
PROPMOVER_TXT_500060,Ankou,Ankou
PROPMOVER_TXT_500061,Demonic Ankou,Demonic Ankou
PROPMOVER_TXT_500062,Blue 2025 Thanksgiving Turkey,Blue 2025 Thanksgiving Turkey
PROPMOVER_TXT_500063,Red 2025 Thanksgiving Turkey,Red 2025 Thanksgiving Turkey
PROPMOVER_TXT_500064,Green 2025 Thanksgiving Turkey,Green 2025 Thanksgiving Turkey
PROPMOVER_TXT_500065,Pink 2025 Thanksgiving Turkey,Pink 2025 Thanksgiving Turkey
PROPMOVER_TXT_500066,Black 2025 Thanksgiving Turkey,Black 2025 Thanksgiving Turkey
PROPMOVER_TXT_500067,White 2025 Thanksgiving Turkey,White 2025 Thanksgiving Turkey
PROPMOVER_TXT_500068,Red Baby Horse,Red Baby Horse
PROPMOVER_TXT_500069,Cyan Shiki Paws,Cyan Shiki Paws
PROPMOVER_TXT_500070,Green Shiki Paws,Green Shiki Paws
PROPMOVER_TXT_500071,Purple Shiki Paws,Purple Shiki Paws
PROPMOVER_TXT_500072,Blue Shiki Paws,Blue Shiki Paws
PROPMOVER_TXT_500073,White Shiki Paws,White Shiki Paws
PROPMOVER_TXT_500074,Black Shiki Paws,Black Shiki Paws
