Key,English,Filipino
PROPMOVER_TXT_000002,Male,Lalaki
PROPMOVER_TXT_000004,Female,Babae
PROPMOVER_TXT_000006,Small Aibatt,Small Aibatt
PROPMOVER_TXT_000008,Aibatt,Aibatt
PROPMOVER_TXT_000010,Captain Aibatt,Captain Aibatt
PROPMOVER_TXT_000012,Giant Aibatt,Giant Aibatt
PROPMOVER_TXT_000014,Small Mushpang,Small Mushpang
PROPMOVER_TXT_000016,Mushpang,Mushpang
PROPMOVER_TXT_000018,Captain Mushpang,Captain Mushpang
PROPMOVER_TXT_000020,Giant Mushpang,Giant Mushpang
PROPMOVER_TXT_000022,Small Burudeng,Small Burudeng
PROPMOVER_TXT_000024,Burudeng,Burudeng
PROPMOVER_TXT_000026,Captain Burudeng,Captain Burudeng
PROPMOVER_TXT_000028,Giant Burudeng,Giant Burudeng
PROPMOVER_TXT_000030,Small Pukepuke,Small Pukepuke
PROPMOVER_TXT_000032,Pukepuke,Pukepuke
PROPMOVER_TXT_000034,Captain Pukepuke,Captain Pukepuke
PROPMOVER_TXT_000036,Giant Pukepuke,Giant Pukepuke
PROPMOVER_TXT_000038,Small Peakyturtle,Small Peakyturtle
PROPMOVER_TXT_000040,Peakyturtle,Peakyturtle
PROPMOVER_TXT_000042,Captain Peakyturtle,Captain Peakyturtle
PROPMOVER_TXT_000044,Giant Peakyturtle,Giant Peakyturtle
PROPMOVER_TXT_000046,Urchin Demian,Urchin Demian
PROPMOVER_TXT_000048,Demian,Demian
PROPMOVER_TXT_000050,Bad Demian,Bad Demian
PROPMOVER_TXT_000052,Giant Demian,Giant Demian
PROPMOVER_TXT_000054,Small Doridoma,Small Doridoma
PROPMOVER_TXT_000056,Doridoma,Doridoma
PROPMOVER_TXT_000058,Captain Doridoma,Captain Doridoma
PROPMOVER_TXT_000060,Giant Doridoma,Giant Doridoma
PROPMOVER_TXT_000062,Young Lawolf,Young Lawolf
PROPMOVER_TXT_000064,Lawolf,Lawolf
PROPMOVER_TXT_000066,Grownup Lawolf,Grownup Lawolf
PROPMOVER_TXT_000068,Giant Lawolf,Giant Lawolf
PROPMOVER_TXT_000070,1st Class Fefern,1st Class Fefern
PROPMOVER_TXT_000072,Fefern,Fefern
PROPMOVER_TXT_000074,2nd Class Fefern,2nd Class Fefern
PROPMOVER_TXT_000076,Giant Fefern,Giant Fefern
PROPMOVER_TXT_000078,Cute Nyangnyang,Cute Nyangnyang
PROPMOVER_TXT_000080,Nyangnyang,Nyangnyang
PROPMOVER_TXT_000082,Creep Nyangnyang,Creep Nyangnyang
PROPMOVER_TXT_000084,Giant Nyangnyang,Giant Nyangnyang
PROPMOVER_TXT_000086,Bang,Bang
PROPMOVER_TXT_000088,Captain Bang,Captain Bang
PROPMOVER_TXT_000090,Boss Bang,Boss Bang
PROPMOVER_TXT_000092,Giant Bang,Giant Bang
PROPMOVER_TXT_000094,Small Wagsaac,Small Wagsaac
PROPMOVER_TXT_000096,Wagsaac,Wagsaac
PROPMOVER_TXT_000098,Captain Wagsaac,Captain Wagsaac
PROPMOVER_TXT_000100,Giant Wagsaac,Giant Wagsaac
PROPMOVER_TXT_000102,Small Mia,Small Mia
PROPMOVER_TXT_000104,Mia,Mia
PROPMOVER_TXT_000106,Captain Mia,Captain Mia
PROPMOVER_TXT_000108,Giant Mia,Giant Mia
PROPMOVER_TXT_000110,Stale Mr. Pumpkin,Stale Mr. Pumpkin
PROPMOVER_TXT_000112,Mr. Pumpkin,Mr. Pumpkin
PROPMOVER_TXT_000114,Rotten Mr Pumpkin,Rotten Mr Pumpkin
PROPMOVER_TXT_000116,Giant Mr. Pumpkin,Giant Mr. Pumpkin
PROPMOVER_TXT_000118,Red Mantis C,Red Mantis C
PROPMOVER_TXT_000120,Red Mantis B,Red Mantis B
PROPMOVER_TXT_000122,Red Mantis A,Red Mantis A
PROPMOVER_TXT_000124,Giant Red Mantis,Giant Red Mantis
PROPMOVER_TXT_000126,Small Jack the Hammer,Small Jack the Hammer
PROPMOVER_TXT_000128,Jack the Hammer,Jack the Hammer
PROPMOVER_TXT_000130,Captain Jack the Hammer,Captain Jack the Hammer
PROPMOVER_TXT_000132,Giant Jack the Hammer,Giant Jack the Hammer
PROPMOVER_TXT_000134,Small Giggle Box,Small Giggle Box
PROPMOVER_TXT_000136,Giggle Box,Giggle Box
PROPMOVER_TXT_000138,Captain Giggle Box,Captain Giggle Box
PROPMOVER_TXT_000140,Giant Giggle Box,Giant Giggle Box
PROPMOVER_TXT_000142,Small Rock Muscle,Small Rock Muscle
PROPMOVER_TXT_000144,Rock Muscle,Rock Muscle
PROPMOVER_TXT_000146,Captain Rock Muscle,Captain Rock Muscle
PROPMOVER_TXT_000148,Giant Rock Muscle,Giant Rock Muscle
PROPMOVER_TXT_000150,Small Hobo,Small Hobo
PROPMOVER_TXT_000152,Hobo,Hobo
PROPMOVER_TXT_000154,Captain Hobo,Captain Hobo
PROPMOVER_TXT_000156,Giant Hobo,Giant Hobo
PROPMOVER_TXT_000158,Small Dumb Bull,Small Dumb Bull
PROPMOVER_TXT_000160,Dumb Bull,Dumb Bull
PROPMOVER_TXT_000162,Captain Dumb Bull,Captain Dumb Bull
PROPMOVER_TXT_000164,Giant Dumb Bull,Giant Dumb Bull
PROPMOVER_TXT_000166,Small Totemia,Small Totemia
PROPMOVER_TXT_000168,Totemia,Totemia
PROPMOVER_TXT_000170,Captain Totemia,Captain Totemia
PROPMOVER_TXT_000172,Giant Totemia,Giant Totemia
PROPMOVER_TXT_000174,Maid Cardpuppet,Maid Cardpuppet
PROPMOVER_TXT_000176,Cardpuppet,Cardpuppet
PROPMOVER_TXT_000178,Manager Cardpuppet,Manager Cardpuppet
PROPMOVER_TXT_000180,Boss Cardpuppet,Boss Cardpuppet
PROPMOVER_TXT_000182,Small Tombstone Bearer,Small Tombstone Bearer
PROPMOVER_TXT_000184,Tombstone Bearer,Tombstone Bearer
PROPMOVER_TXT_000186,Captain Tombstone Bearer,Captain Tombstone Bearer
PROPMOVER_TXT_000188,Giant Tombstone Bearer,Giant Tombstone Bearer
PROPMOVER_TXT_000190,Phantom Basque,Phantom Basque
PROPMOVER_TXT_000192,Basque,Basque
PROPMOVER_TXT_000194,Lumping Basque,Lumping Basque
PROPMOVER_TXT_000196,Giant Basque,Giant Basque
PROPMOVER_TXT_000198,Small Mage Prankster,Small Mage Prankster
PROPMOVER_TXT_000200,Prankster,Prankster
PROPMOVER_TXT_000202,Master Mage Prankster,Master Mage Prankster
PROPMOVER_TXT_000204,Giantmage Prankster,Giantmage Prankster
PROPMOVER_TXT_000206,Rough Wheelem,Rough Wheelem
PROPMOVER_TXT_000208,Wheelem,Wheelem
PROPMOVER_TXT_000210,Bouncing Wheelem,Bouncing Wheelem
PROPMOVER_TXT_000212,Giant Wheelem,Giant Wheelem
PROPMOVER_TXT_000214,Small Leyena,Small Leyena
PROPMOVER_TXT_000216,Leyena,Leyena
PROPMOVER_TXT_000218,Captain Leyena,Captain Leyena
PROPMOVER_TXT_000220,Giant Leyena,Giant Leyena
PROPMOVER_TXT_000222,Small Steam Walker,Small Steam Walker
PROPMOVER_TXT_000224,Steam Walker,Steam Walker
PROPMOVER_TXT_000226,Captain Steam Walker,Captain Steam Walker
PROPMOVER_TXT_000228,Giant Steam Walker,Giant Steam Walker
PROPMOVER_TXT_000230,Small Steel Knight,Small Steel Knight
PROPMOVER_TXT_000232,Steel Knight,Steel Knight
PROPMOVER_TXT_000234,Captain Steel Knight,Captain Steel Knight
PROPMOVER_TXT_000236,Giant Steel Knight,Giant Steel Knight
PROPMOVER_TXT_000238,Small Nutty Wheel,Small Nutty Wheel
PROPMOVER_TXT_000240,Nutty Wheel,Nutty Wheel
PROPMOVER_TXT_000242,Captain Nutty Wheel,Captain Nutty Wheel
PROPMOVER_TXT_000244,Giant Nutty Wheel,Giant Nutty Wheel
PROPMOVER_TXT_000246,Small Driller,Small Driller
PROPMOVER_TXT_000248,Driller,Driller
PROPMOVER_TXT_000250,Captain Driller,Captain Driller
PROPMOVER_TXT_000252,Giant Driller,Giant Driller
PROPMOVER_TXT_000254,Small Volt,Small Volt
PROPMOVER_TXT_000256,Volt,Volt
PROPMOVER_TXT_000258,Captain Volt,Captain Volt
PROPMOVER_TXT_000260,Giant Volt,Giant Volt
PROPMOVER_TXT_000262,Small Elderguard,Small Elderguard
PROPMOVER_TXT_000264,Elderguard,Elderguard
PROPMOVER_TXT_000266,Captain Elderguard,Captain Elderguard
PROPMOVER_TXT_000268,Giant Elderguard,Giant Elderguard
PROPMOVER_TXT_000270,Small Garbagespider,Small Garbagespider
PROPMOVER_TXT_000272,Garbagespider,Garbagespider
PROPMOVER_TXT_000274,Captain Garbagespider,Captain Garbagespider
PROPMOVER_TXT_000276,Giant Garbagespider,Giant Garbagespider
PROPMOVER_TXT_000278,Small Crane Machinery,Small Crane Machinery
PROPMOVER_TXT_000280,Crane Machinery,Crane Machinery
PROPMOVER_TXT_000282,Captain Crane Machinery,Captain Crane Machinery
PROPMOVER_TXT_000284,Giant Crane Machinery,Giant Crane Machinery
PROPMOVER_TXT_000286,Small Mothbee,Small Mothbee
PROPMOVER_TXT_000288,Mothbee,Mothbee
PROPMOVER_TXT_000290,Captain Mothbee,Captain Mothbee
PROPMOVER_TXT_000292,Giant Mothbee,Giant Mothbee
PROPMOVER_TXT_000294,Small Flybrigen,Small Flybrigen
PROPMOVER_TXT_000296,Flybrigen,Flybrigen
PROPMOVER_TXT_000298,Captain Flybrigen,Captain Flybrigen
PROPMOVER_TXT_000300,Giant Flybrigen,Giant Flybrigen
PROPMOVER_TXT_000302,Small Rockepeller,Small Rockepeller
PROPMOVER_TXT_000304,Rockepeller,Rockepeller
PROPMOVER_TXT_000306,Captain Rockepeller,Captain Rockepeller
PROPMOVER_TXT_000308,Giant Rockepeller,Giant Rockepeller
PROPMOVER_TXT_000318,Pawn Popcrank,Pawn Popcrank
PROPMOVER_TXT_000320,Knight Popcrank,Knight Popcrank
PROPMOVER_TXT_000322,Rook Popcrank,Rook Popcrank
PROPMOVER_TXT_000324,Bishop Popcrank,Bishop Popcrank
PROPMOVER_TXT_000326,Small Greemong,Small Greemong
PROPMOVER_TXT_000328,Greemong,Greemong
PROPMOVER_TXT_000330,Captain Greemong,Captain Greemong
PROPMOVER_TXT_000332,Giant Greemong,Giant Greemong
PROPMOVER_TXT_000336,Roy,Roy
PROPMOVER_TXT_000338,Cardinal Guardian,Cardinal Guardian
PROPMOVER_TXT_000350,Small Carrierbomb,Small Carrierbomb
PROPMOVER_TXT_000352,Carrierbomb,Carrierbomb
PROPMOVER_TXT_000354,Captain Carrierbomb,Captain Carrierbomb
PROPMOVER_TXT_000356,Giant Carrierbomb,Giant Carrierbomb
PROPMOVER_TXT_000382,Clockworks,Clockworks
PROPMOVER_TXT_000392,Small Nuctuvehicle,Small Nuctuvehicle
PROPMOVER_TXT_000394,Nuctuvehicle,Nuctuvehicle
PROPMOVER_TXT_000396,Captain Nuctuvehicle,Captain Nuctuvehicle
PROPMOVER_TXT_000398,Giant Nuctuvehicle,Giant Nuctuvehicle
PROPMOVER_TXT_000400,Young Syliaca,Young Syliaca
PROPMOVER_TXT_000402,Syliaca,Syliaca
PROPMOVER_TXT_000404,Grownup Syliaca,Grownup Syliaca
PROPMOVER_TXT_000406,Giant Syliaca,Giant Syliaca
PROPMOVER_TXT_000408,Small Risem,Small Risem
PROPMOVER_TXT_000410,Risem,Risem
PROPMOVER_TXT_000412,Captain Risem,Captain Risem
PROPMOVER_TXT_000414,Giant Risem,Giant Risem
PROPMOVER_TXT_000416,Small Zombiger,Small Zombiger
PROPMOVER_TXT_000418,Zombiger,Zombiger
PROPMOVER_TXT_000420,Captain Zombiger,Captain Zombiger
PROPMOVER_TXT_000422,Giant Zombiger,Giant Zombiger
PROPMOVER_TXT_000424,Small Flybat,Small Flybat
PROPMOVER_TXT_000426,Flybat,Flybat
PROPMOVER_TXT_000428,Captain Flybat,Captain Flybat
PROPMOVER_TXT_000430,Giant Flybat,Giant Flybat
PROPMOVER_TXT_000432,Small Bucrow,Small Bucrow
PROPMOVER_TXT_000434,Bucrow,Bucrow
PROPMOVER_TXT_000436,Captain Bucrow,Captain Bucrow
PROPMOVER_TXT_000438,Giant Bucrow,Giant Bucrow
PROPMOVER_TXT_000440,Small Scorpicon,Small Scorpicon
PROPMOVER_TXT_000442,Scorpicon,Scorpicon
PROPMOVER_TXT_000444,Captain Scorpicon,Captain Scorpicon
PROPMOVER_TXT_000446,Giant Scorpicon,Giant Scorpicon
PROPMOVER_TXT_000448,Small Trangfoma,Small Trangfoma
PROPMOVER_TXT_000450,Trangfoma,Trangfoma
PROPMOVER_TXT_000452,Captain Trangfoma,Captain Trangfoma
PROPMOVER_TXT_000454,Giant Trangfoma,Giant Trangfoma
PROPMOVER_TXT_000456,Mine Catcher,Mine Catcher
PROPMOVER_TXT_000458,Erons Catcher,Erons Catcher
PROPMOVER_TXT_000460,Krasec Catcher,Krasec Catcher
PROPMOVER_TXT_000462,Guru Catcher,Guru Catcher
PROPMOVER_TXT_000464,Small Grrr,Small Grrr
PROPMOVER_TXT_000466,Grrr,Grrr
PROPMOVER_TXT_000468,Captain Grrr,Captain Grrr
PROPMOVER_TXT_000470,Giant Grrr,Giant Grrr
PROPMOVER_TXT_000472,Small Dump,Small Dump
PROPMOVER_TXT_000474,Dump,Dump
PROPMOVER_TXT_000476,Captain Dump,Captain Dump
PROPMOVER_TXT_000478,Giant Dump,Giant Dump
PROPMOVER_TXT_000480,Small Nautrepy,Small Nautrepy
PROPMOVER_TXT_000482,Nautrepy,Nautrepy
PROPMOVER_TXT_000484,Captain Nautrepy,Captain Nautrepy
PROPMOVER_TXT_000486,Giant Nautrepy,Giant Nautrepy
PROPMOVER_TXT_000488,Small Boo,Small Boo
PROPMOVER_TXT_000490,Boo,Boo
PROPMOVER_TXT_000492,Captain Boo,Captain Boo
PROPMOVER_TXT_000494,Giant Boo,Giant Boo
PROPMOVER_TXT_000496,Small Hoppre,Small Hoppre
PROPMOVER_TXT_000498,Hoppre,Hoppre
PROPMOVER_TXT_000500,Captain Hoppre,Captain Hoppre
PROPMOVER_TXT_000502,Giant Hoppre,Giant Hoppre
PROPMOVER_TXT_000504,Small Mushpoie,Small Mushpoie
PROPMOVER_TXT_000506,Mushpoie,Mushpoie
PROPMOVER_TXT_000508,Captain Mushpoie,Captain Mushpoie
PROPMOVER_TXT_000510,Giant Mushpoie,Giant Mushpoie
PROPMOVER_TXT_000512,Small Iren,Small Iren
PROPMOVER_TXT_000514,Iren,Iren
PROPMOVER_TXT_000516,Captain Iren,Captain Iren
PROPMOVER_TXT_000518,Giant Iren,Giant Iren
PROPMOVER_TXT_000520,Small Watangka,Small Watangka
PROPMOVER_TXT_000522,Watangka,Watangka
PROPMOVER_TXT_000524,Captain Watangka,Captain Watangka
PROPMOVER_TXT_000526,Giant Watangka,Giant Watangka
PROPMOVER_TXT_000528,Small Antiquery,Small Antiquery
PROPMOVER_TXT_000530,Antiquery,Antiquery
PROPMOVER_TXT_000532,Captain Antiquery,Captain Antiquery
PROPMOVER_TXT_000534,Giant Antiquery,Giant Antiquery
PROPMOVER_TXT_000536,Small Luia,Small Luia
PROPMOVER_TXT_000538,Luia,Luia
PROPMOVER_TXT_000540,Captain Luia,Captain Luia
PROPMOVER_TXT_000542,Giant Luia,Giant Luia
PROPMOVER_TXT_000544,Small Gongury,Small Gongury
PROPMOVER_TXT_000546,Gongury,Gongury
PROPMOVER_TXT_000548,Captain Gongury,Captain Gongury
PROPMOVER_TXT_000550,Giant Gongury,Giant Gongury
PROPMOVER_TXT_000552,Small Shuhamma,Small Shuhamma
PROPMOVER_TXT_000554,Shuhamma,Shuhamma
PROPMOVER_TXT_000556,Captain Shuhamma,Captain Shuhamma
PROPMOVER_TXT_000558,Giant Shuhamma,Giant Shuhamma
PROPMOVER_TXT_000560,Small Kern,Small Kern
PROPMOVER_TXT_000562,Kern,Kern
PROPMOVER_TXT_000564,Captain Kern,Captain Kern
PROPMOVER_TXT_000566,Giant Kern,Giant Kern
PROPMOVER_TXT_000568,Small Glaphan,Small Glaphan
PROPMOVER_TXT_000570,Glaphan,Glaphan
PROPMOVER_TXT_000572,Captain Glaphan,Captain Glaphan
PROPMOVER_TXT_000574,Giant Glaphan,Giant Glaphan
PROPMOVER_TXT_000576,Trainee Chef Muffrin,Trainee Chef Muffrin
PROPMOVER_TXT_000578,3rd Chef Muffrin,3rd Chef Muffrin
PROPMOVER_TXT_000580,2nd Chef Muffrin,2nd Chef Muffrin
PROPMOVER_TXT_000582,1st Chef Muffrin,1st Chef Muffrin
PROPMOVER_TXT_000584,Mutant Fefern,Mutant Fefern
PROPMOVER_TXT_000586,Mutant Fefern King,Mutant Fefern King
PROPMOVER_TXT_000588,Mutant Giant 2nd Class Fefern,Mutant Giant 2nd Class Fefern
PROPMOVER_TXT_000590,Mutant Nyangnyang,Mutant Nyangnyang
PROPMOVER_TXT_000592,Mutant Nyangnyang Queen,Mutant Nyangnyang Queen
PROPMOVER_TXT_000594,Mutant Giant Nyangnyang,Mutant Giant Nyangnyang
PROPMOVER_TXT_000596,Mutant Bang,Mutant Bang
PROPMOVER_TXT_000598,Mutant Boss Bang,Mutant Boss Bang
PROPMOVER_TXT_000600,Mutant Giant Bang King,Mutant Giant Bang King
PROPMOVER_TXT_000602,Worm Veduque,Worm Veduque
PROPMOVER_TXT_000604,Serus Uriel,Serus Uriel
PROPMOVER_TXT_000606,Vice Veduque,Vice Veduque
PROPMOVER_TXT_000608,Brazenface Pukepuke,Brazenface Pukepuke
PROPMOVER_TXT_000610,Heartless Bang,Heartless Bang
PROPMOVER_TXT_000612,Tough Rock Muscle,Tough Rock Muscle
PROPMOVER_TXT_000614,Flying Aibatt,Flying Aibatt
PROPMOVER_TXT_000616,Beast Mr. Pumpkin,Beast Mr. Pumpkin
PROPMOVER_TXT_000618,Master Demian,Master Demian
PROPMOVER_TXT_000620,Master Keakoon,Master Keakoon
PROPMOVER_TXT_000622,Master Muffrin,Master Muffrin
PROPMOVER_TXT_000624,Info-Pang,Info-Pang
PROPMOVER_TXT_000626,Losha,Losha
PROPMOVER_TXT_000628,Boboku,Boboku
PROPMOVER_TXT_000630,Julia,Julia
PROPMOVER_TXT_000632,Lui,Lui
PROPMOVER_TXT_000634,Marche,Marche
PROPMOVER_TXT_000636,Bulrox,Bulrox
PROPMOVER_TXT_000638,Tina,Tina
PROPMOVER_TXT_000640,Karin,Karin
PROPMOVER_TXT_000642,Martin,Martin
PROPMOVER_TXT_000644,Bill,Bill
PROPMOVER_TXT_000646,Dwarpet,Dwarpet
PROPMOVER_TXT_000648,Master Dwarpet,Master Dwarpet
PROPMOVER_TXT_000650,Iblis,Iblis
PROPMOVER_TXT_000652,Shade,Shade
PROPMOVER_TXT_000654,Stima,Stima
PROPMOVER_TXT_000656,Phacham,Phacham
PROPMOVER_TXT_000658,Bubble,Bubble
PROPMOVER_TXT_000660,Rhine,Rhine
PROPMOVER_TXT_000662,Roocky,Roocky
PROPMOVER_TXT_000664,Ollien,Ollien
PROPMOVER_TXT_000666,Haven,Haven
PROPMOVER_TXT_000668,Chitller,Chitller
PROPMOVER_TXT_000670,Bolpor,Bolpor
PROPMOVER_TXT_000672,Almani,Almani
PROPMOVER_TXT_000674,Achaben,Achaben
PROPMOVER_TXT_000676,Eshylop,Eshylop
PROPMOVER_TXT_000678,Remine,Remine
PROPMOVER_TXT_000680,Unknown,Unknown
PROPMOVER_TXT_000682,Agent,Agent
PROPMOVER_TXT_000684,Ancimys,Ancimys
PROPMOVER_TXT_000686,Guardian,Guardian
PROPMOVER_TXT_000688,Captain Guard,Captain Guard
PROPMOVER_TXT_000692,Venel Guardian,Venel Guardian
PROPMOVER_TXT_000694,Ren,Ren
PROPMOVER_TXT_000696,Rubo,Rubo
PROPMOVER_TXT_000698,Sisif,Sisif
PROPMOVER_TXT_000700,Shuraiture,Shuraiture
PROPMOVER_TXT_000702,Babari,Babari
PROPMOVER_TXT_000704,Chaner,Chaner
PROPMOVER_TXT_000706,Seido,Seido
PROPMOVER_TXT_000708,Red Bang Troupe Member,Red Bang Troupe Member
PROPMOVER_TXT_000710,Emerald Mantis,Emerald Mantis
PROPMOVER_TXT_000712,Lord Bang Hanoyan,Lord Bang Hanoyan
PROPMOVER_TXT_000714,Member of the Violet Magician Troupe,Member of the Violet Magician Troupe
PROPMOVER_TXT_000716,Master of the Violet Magician Troupe,Master of the Violet Magician Troupe
PROPMOVER_TXT_000718,Grand Master of the Violet Magician Troupe,Grand Master of the Violet Magician Troupe
PROPMOVER_TXT_000720,Red Bang Troupe Leader,Red Bang Troupe Leader
PROPMOVER_TXT_000722,Lord Bang,Lord Bang
PROPMOVER_TXT_000724,Organigor,Organigor
PROPMOVER_TXT_000726,Gangard,Gangard
PROPMOVER_TXT_000728,Hadeseor,Hadeseor
PROPMOVER_TXT_000730,Santa,Santa
PROPMOVER_TXT_000732,Priest,Priest
PROPMOVER_TXT_000734,Guard,Guard
PROPMOVER_TXT_000736,Chaos Guard,Chaos Guard
PROPMOVER_TXT_000738,Criminal Fefern,Criminal Fefern
PROPMOVER_TXT_000740,Criminal Wagsaac,Criminal Wagsaac
PROPMOVER_TXT_000742,Criminal Mr. Pumpkin,Criminal Mr. Pumpkin
PROPMOVER_TXT_000744,Criminal Giggle Box,Criminal Giggle Box
PROPMOVER_TXT_000746,Criminal Hobo,Criminal Hobo
PROPMOVER_TXT_000748,Criminal Cardpuppet,Criminal Cardpuppet
PROPMOVER_TXT_000750,Criminal Basque,Criminal Basque
PROPMOVER_TXT_000752,Criminal Leyena,Criminal Leyena
PROPMOVER_TXT_000754,Criminal Steel Knight,Criminal Steel Knight
PROPMOVER_TXT_000756,Criminal Volt,Criminal Volt
PROPMOVER_TXT_000758,Criminal Garbagespider,Criminal Garbagespider
PROPMOVER_TXT_000760,Criminal Greemong,Criminal Greemong
PROPMOVER_TXT_000762,Criminal Hoppre,Criminal Hoppre
PROPMOVER_TXT_000764,Criminal Iren,Criminal Iren
PROPMOVER_TXT_000766,Criminal Watangka,Criminal Watangka
PROPMOVER_TXT_000768,Criminal Luia,Criminal Luia
PROPMOVER_TXT_000770,Criminal Shuhamma,Criminal Shuhamma
PROPMOVER_TXT_000772,Criminal Glaphan,Criminal Glaphan
PROPMOVER_TXT_000774,Keakoon Worker,Keakoon Worker
PROPMOVER_TXT_000776,Keakoon Guard,Keakoon Guard
PROPMOVER_TXT_000778,Keakoon Worker Leader,Keakoon Worker Leader
PROPMOVER_TXT_000780,Keakoon Guard Leader,Keakoon Guard Leader
PROPMOVER_TXT_000782,Elite Keakoon Worker,Elite Keakoon Worker
PROPMOVER_TXT_000784,Elite Keakoon Guard,Elite Keakoon Guard
PROPMOVER_TXT_000786,Elite Keakoon Worker Leader,Elite Keakoon Worker Leader
PROPMOVER_TXT_000788,Elite Keakoon Guard Leader,Elite Keakoon Guard Leader
PROPMOVER_TXT_000790,Mutant Keakoon Worker,Mutant Keakoon Worker
PROPMOVER_TXT_000792,Mutant Keakoon Guard,Mutant Keakoon Guard
PROPMOVER_TXT_000794,Mutant Keakoon Worker Leader,Mutant Keakoon Worker Leader
PROPMOVER_TXT_000796,Mutant Keakoon Guard Leader,Mutant Keakoon Guard Leader
PROPMOVER_TXT_000798,Pink Roach,Pink Roach
PROPMOVER_TXT_000800,Blue Roach,Blue Roach
PROPMOVER_TXT_000802,Pink Roach Queen,Pink Roach Queen
PROPMOVER_TXT_000804,Blue Roach Queen,Blue Roach Queen
PROPMOVER_TXT_000806,Pink Roach Larva,Pink Roach Larva
PROPMOVER_TXT_000808,Blue Roach Larva,Blue Roach Larva
PROPMOVER_TXT_000810,Green Trillipy,Green Trillipy
PROPMOVER_TXT_000812,Hazardous Green Trillipy,Hazardous Green Trillipy
PROPMOVER_TXT_000814,Violet Trillipy,Violet Trillipy
PROPMOVER_TXT_000816,Hazardous Violet Trillipy,Hazardous Violet Trillipy
PROPMOVER_TXT_000818,Blood Trillipy,Blood Trillipy
PROPMOVER_TXT_000820,Hazardous Blood Trillipy,Hazardous Blood Trillipy
PROPMOVER_TXT_000822,Chimeradon,Chimeradon
PROPMOVER_TXT_000824,Giant Chimeradon,Giant Chimeradon
PROPMOVER_TXT_000826,Meteonyker,Meteonyker
PROPMOVER_TXT_000828,Baby Lawolf,Baby Lawolf
PROPMOVER_TXT_000830,Baby Aibatt,Baby Aibatt
PROPMOVER_TXT_000832,Baby Leyena,Baby Leyena
PROPMOVER_TXT_000834,Baby Luia,Baby Luia
PROPMOVER_TXT_000836,Kitty,Kitty
PROPMOVER_TXT_000838,Doggy,Doggy
PROPMOVER_TXT_000840,Ant Turtle,Ant Turtle
PROPMOVER_TXT_000842,Hammer Kick,Hammer Kick
PROPMOVER_TXT_000844,Big Muscle,Big Muscle
PROPMOVER_TXT_000846,Krrr,Krrr
PROPMOVER_TXT_000848,Mushmoot,Mushmoot
PROPMOVER_TXT_000852,Beast Zombiger,Beast Zombiger
PROPMOVER_TXT_000854,Lord Clockworks Alpha,Lord Clockworks Alpha
PROPMOVER_TXT_000856,Brigadier General Crumple,Brigadier General Crumple
PROPMOVER_TXT_000858,Lieutenant General Scythoid,Lieutenant General Scythoid
PROPMOVER_TXT_000860,Air Marshall Spiketail,Air Marshall Spiketail
PROPMOVER_TXT_000862,General Glyphaxz,General Glyphaxz
PROPMOVER_TXT_000866,Soccerball Angel,Soccerball Angel
PROPMOVER_TXT_000868,Kidler,Kidler
PROPMOVER_TXT_000870,Shacalpion,Shacalpion
PROPMOVER_TXT_000872,Hoiren,Hoiren
PROPMOVER_TXT_000874,Hunter X,Hunter X
PROPMOVER_TXT_000876,Kynsy,Kynsy
PROPMOVER_TXT_000878,Iblis Crasher,Iblis Crasher
PROPMOVER_TXT_000880,Iblis Poisoner,Iblis Poisoner
PROPMOVER_TXT_000882,Iblis Wrecker,Iblis Wrecker
PROPMOVER_TXT_000884,Iblis Destroyer,Iblis Destroyer
PROPMOVER_TXT_000886,Iblis Puppet,Iblis Puppet
PROPMOVER_TXT_000888,Iblis Thief,Iblis Thief
PROPMOVER_TXT_000890,Iblis Guardian,Iblis Guardian
PROPMOVER_TXT_000892,Iblis Quaker,Iblis Quaker
PROPMOVER_TXT_000894,Iblis Mushellizer,Iblis Mushellizer
PROPMOVER_TXT_000896,Iblis Leanes,Iblis Leanes
PROPMOVER_TXT_000898,Iblis Red Otem,Iblis Red Otem
PROPMOVER_TXT_000900,Iblis Black Otem,Iblis Black Otem
PROPMOVER_TXT_000902,Iblis Boxter,Iblis Boxter
PROPMOVER_TXT_000904,Iblis Dandysher,Iblis Dandysher
PROPMOVER_TXT_000906,Chitos,Chitos
PROPMOVER_TXT_000908,Clocks,Clocks
PROPMOVER_TXT_000910,Soldier Chimeradon,Soldier Chimeradon
PROPMOVER_TXT_000912,Brigadier Chimeradon,Brigadier Chimeradon
PROPMOVER_TXT_000914,Major Chimeradon,Major Chimeradon
PROPMOVER_TXT_000916,Lieutenant Chimeradon,Lieutenant Chimeradon
PROPMOVER_TXT_000918,General Chimeradon,General Chimeradon
PROPMOVER_TXT_000920,Private Bearnerky,Private Bearnerky
PROPMOVER_TXT_000922,Specialist Bearnerky,Specialist Bearnerky
PROPMOVER_TXT_000924,Sergeant Bearnerky,Sergeant Bearnerky
PROPMOVER_TXT_000926,Captain Bearnerky,Captain Bearnerky
PROPMOVER_TXT_000928,General Bearnerky,General Bearnerky
PROPMOVER_TXT_000930,Great Chef Muffrin,Great Chef Muffrin
PROPMOVER_TXT_000932,Queen Popcrank,Queen Popcrank
PROPMOVER_TXT_000934,Baby Polar Bear,Baby Polar Bear
PROPMOVER_TXT_000936,Polar Bear,Polar Bear
PROPMOVER_TXT_000946,Post Box,Post Box
PROPMOVER_TXT_000950,Blue Meteonyker,Blue Meteonyker
PROPMOVER_TXT_000954,Baby Penguin,Baby Penguin
PROPMOVER_TXT_000956,Baby Iguana,Baby Iguana
PROPMOVER_TXT_000958,Baby Cobra,Baby Cobra
PROPMOVER_TXT_000960,Egg,Egg
PROPMOVER_TXT_000962,White Tiger,White Tiger
PROPMOVER_TXT_000966,Babari Lion,Babari Lion
PROPMOVER_TXT_000970,Rabbit,Rabbit
PROPMOVER_TXT_000974,Dragon,Dragon
PROPMOVER_TXT_000978,Unicorn,Unicorn
PROPMOVER_TXT_000982,Old Fox,Old Fox
PROPMOVER_TXT_000986,Griffin,Griffin
PROPMOVER_TXT_000987,Angel,Angel
PROPMOVER_TXT_000988,King Crab,King Crab
PROPMOVER_TXT_000996,Gambler,Gambler
PROPMOVER_TXT_000998,Hair Designer,Hair Designer
PROPMOVER_TXT_001000,Make-Up Artist,Make-Up Artist
PROPMOVER_TXT_001002,Pet Tamer,Pet Tamer
PROPMOVER_TXT_001010,Behemoth,Behemoth
PROPMOVER_TXT_001012,Hellion,Hellion
PROPMOVER_TXT_001014,Jackalope,Jackalope
PROPMOVER_TXT_001016,Bahamut,Bahamut
PROPMOVER_TXT_001018,Nightmare,Nightmare
PROPMOVER_TXT_001020,Reinecke,Reinecke
PROPMOVER_TXT_001022,Hippogryph,Hippogryph
PROPMOVER_TXT_001024,Cute Frog,Cute Frog
PROPMOVER_TXT_001026,Cute Hamburger,Cute Hamburger
PROPMOVER_TXT_001028,Baby Turtle,Baby Turtle
PROPMOVER_TXT_001034,Baby Chicken,Baby Chicken
PROPMOVER_TXT_001036,Baby Cow,Baby Cow
PROPMOVER_TXT_001038,Baby Beagle,Baby Beagle
PROPMOVER_TXT_001040,Baby Blue Dragon,Baby Blue Dragon
PROPMOVER_TXT_001042,Baby Hamster,Baby Hamster
PROPMOVER_TXT_001044,Baby Horse,Baby Horse
PROPMOVER_TXT_001046,Baby Monkey,Baby Monkey
PROPMOVER_TXT_001048,Baby Pig,Baby Pig
PROPMOVER_TXT_001050,Baby Rabbit,Baby Rabbit
PROPMOVER_TXT_001052,Cute Lamb,Cute Lamb
PROPMOVER_TXT_001054,Baby Tiger,Baby Tiger
PROPMOVER_TXT_001076,Small Maid Cardpuppet,Small Maid Cardpuppet
PROPMOVER_TXT_001078,Small Mia,Small Mia
PROPMOVER_TXT_001080,Baby Black Dragon,Baby Black Dragon
PROPMOVER_TXT_001196,Baby Yetti,Baby Yetti
PROPMOVER_TXT_001300,[Guildwar Manager] Frankie,[Guildwar Manager] Frankie
PROPMOVER_TXT_001302,[Guildwar Manager] Donaris,[Guildwar Manager] Donaris
PROPMOVER_TXT_001304,[1vs1Guildwar Manager] Amos,[1vs1Guildwar Manager] Amos
PROPMOVER_TXT_001306,[1vs1Guildwar Manager] Annie,[1vs1Guildwar Manager] Annie
PROPMOVER_TXT_001308,[Arena Manager] Lay,[Arena Manager] Lay
PROPMOVER_TXT_001310,Mayor,Mayor
PROPMOVER_TXT_001318,English Bulldog,English Bulldog
PROPMOVER_TXT_001320,Naughty Ghost,Naughty Ghost
PROPMOVER_TXT_001322,Baby Fu Lion,Baby Fu Lion
PROPMOVER_TXT_001324,Smart Owl,Smart Owl
PROPMOVER_TXT_001326,Patches,Patches
PROPMOVER_TXT_001328,Cute Robot,Cute Robot
PROPMOVER_TXT_001330,Baby Bang,Baby Bang
PROPMOVER_TXT_001332,Baby Panda,Baby Panda
PROPMOVER_TXT_001334,Red Armored Tigar,Red Armored Tigar
PROPMOVER_TXT_001336,Blue Armored Tigar,Blue Armored Tigar
PROPMOVER_TXT_001338,Yellow Armored Tigar,Yellow Armored Tigar
PROPMOVER_TXT_001446,Tommy Toucan,Tommy Toucan
PROPMOVER_TXT_001452,Johnny Four-Wheels,Johnny Four-Wheels
PROPMOVER_TXT_001460,Tiny Tanuki,Tiny Tanuki
PROPMOVER_TXT_001466,Inisis,Inisis
PROPMOVER_TXT_001496,Mini Santa,Mini Santa
PROPMOVER_TXT_001498,Mini Snowman,Mini Snowman
PROPMOVER_TXT_001504,Little Lykan,Little Lykan
PROPMOVER_TXT_001554,Joey,Joey
PROPMOVER_TXT_001556,Spike,Spike
PROPMOVER_TXT_001558,Lumia,Lumia
PROPMOVER_TXT_001560,Inspector Koko,Inspector Koko
PROPMOVER_TXT_001564,Cheshire Cat,Cheshire Cat
PROPMOVER_TXT_001566,The White Rabbit,The White Rabbit
PROPMOVER_TXT_001568,Tiger Cub,Tiger Cub
PROPMOVER_TXT_001586,Bone Golem,Bone Golem
PROPMOVER_TXT_001588,Mocomochi,Mocomochi
PROPMOVER_TXT_001590,Soul Dancer,Soul Dancer
PROPMOVER_TXT_001592,Clockworks Butler,Clockworks Butler
PROPMOVER_TXT_001628,[Village Chief] Huntrang,[Village Chief] Huntrang
PROPMOVER_TXT_001630,[Quest Office] Miorang,[Quest Office] Miorang
PROPMOVER_TXT_001654,[Crackshooter Master] Meiarun,[Crackshooter Master] Meiarun
PROPMOVER_TXT_001656,[Arcanist Master] Howrang,[Arcanist Master] Howrang
PROPMOVER_TXT_001680,Cheirang,Cheirang
PROPMOVER_TXT_001714,[Rock Scissor Paper NPC] Demian,[Rock Scissor Paper NPC] Demian
PROPMOVER_TXT_001716,Chameleon,Chameleon
PROPMOVER_TXT_001804,Braaaaains,Braaaaains
PROPMOVER_TXT_001814,Male Zombie,Male Zombie
PROPMOVER_TXT_001816,Female Zombie ,Female Zombie 
PROPMOVER_TXT_001826,Big Red,Big Red
PROPMOVER_TXT_002000,Buur,Buur
PROPMOVER_TXT_002002,Saphyryan,Saphyryan
PROPMOVER_TXT_002004,Gray Earl,Gray Earl
PROPMOVER_TXT_002006,Jack Frost,Jack Frost
PROPMOVER_TXT_002008,Mr. Grinchie,Mr. Grinchie
PROPMOVER_TXT_002010,Rudolph,Rudolph
PROPMOVER_TXT_002020,[Development Supervisor] Kim,[Development Supervisor] Kim
PROPMOVER_TXT_002026,Kuma,Kuma
PROPMOVER_TXT_002034,Usagi,Usagi
PROPMOVER_TXT_002036,Cooperative Donation NPC,Cooperative Donation NPC
PROPMOVER_TXT_002038,X900 EvilTron,X900 EvilTron
PROPMOVER_TXT_002040,Mister Grizz,Mister Grizz
PROPMOVER_TXT_002162,Lil' Potato,Lil' Potato
PROPMOVER_TXT_002166,Friendly Baby Kargo,Friendly Baby Kargo
PROPMOVER_TXT_002170,Charming Babushka Doll,Charming Babushka Doll
PROPMOVER_TXT_002232,Cute Baby Cat,Cute Baby Cat
PROPMOVER_TXT_002234,Little Muran,Little Muran
PROPMOVER_TXT_002236,Baby Buur,Baby Buur
PROPMOVER_TXT_002238,Baby Ripper,Baby Ripper
PROPMOVER_TXT_002240,Baby Gray Earl,Baby Gray Earl
PROPMOVER_TXT_002242,Tamed Bolo,Tamed Bolo
PROPMOVER_TXT_002282,Pink Mocomochi Pet,Pink Mocomochi Pet
PROPMOVER_TXT_002284,Rainbow Mocomochi Pet,Rainbow Mocomochi Pet
PROPMOVER_TXT_002286,Black Bulldog Pet,Black Bulldog Pet
PROPMOVER_TXT_002288,Red Dragon Pet,Red Dragon Pet
PROPMOVER_TXT_002292,Blue Snowman Pet,Blue Snowman Pet
PROPMOVER_TXT_002142,Reonan,Reonan
PROPMOVER_TXT_002144,Nerco,Nerco
PROPMOVER_TXT_002146,Hael,Hael
PROPMOVER_TXT_002148,Handel,Handel
PROPMOVER_TXT_002150,Reodos,Reodos
PROPMOVER_TXT_002152,Zoro,Zoro
PROPMOVER_TXT_002154,Elaine,Elaine
PROPMOVER_TXT_002156,Ainher,Ainher
PROPMOVER_TXT_002158,Sury,Sury
PROPMOVER_TXT_002230,Earl Vermelho,Earl Vermelho
PROPMOVER_TXT_100000,Small Gorruda,Small Gorruda
PROPMOVER_TXT_100001,Gorruda,Gorruda
PROPMOVER_TXT_100002,Captain Gorruda,Captain Gorruda
PROPMOVER_TXT_100003,Giant Gorruda,Giant Gorruda
PROPMOVER_TXT_100004,Young Fafnir,Young Fafnir
PROPMOVER_TXT_100005,Fafnir,Fafnir
PROPMOVER_TXT_100006,Grownup Fafnir,Grownup Fafnir
PROPMOVER_TXT_100007,Giant Fafnir,Giant Fafnir
PROPMOVER_TXT_100008,Small Longwing,Small Longwing
PROPMOVER_TXT_100009,Longwing,Longwing
PROPMOVER_TXT_100010,Captain Longwing,Captain Longwing
PROPMOVER_TXT_100011,Giant Longwing,Giant Longwing
PROPMOVER_TXT_100012,Neparuba,Neparuba
PROPMOVER_TXT_100013,Captain Neparuba,Captain Neparuba
PROPMOVER_TXT_100014,Boss Neparuba,Boss Neparuba
PROPMOVER_TXT_100015,Giant Neparuba,Giant Neparuba
PROPMOVER_TXT_100016,Small Zenma,Small Zenma
PROPMOVER_TXT_100017,Zenma,Zenma
PROPMOVER_TXT_100018,Captain Zenma,Captain Zenma
PROPMOVER_TXT_100019,Giant Zenma,Giant Zenma
PROPMOVER_TXT_100020,Small Zendros,Small Zendros
PROPMOVER_TXT_100021,Zendros,Zendros
PROPMOVER_TXT_100022,Captain Zendros,Captain Zendros
PROPMOVER_TXT_100023,Giant Zendros,Giant Zendros
PROPMOVER_TXT_100024,Small Medumet,Small Medumet
PROPMOVER_TXT_100025,Medumet,Medumet
PROPMOVER_TXT_100026,Captain Medumet,Captain Medumet
PROPMOVER_TXT_100027,Giant Medumet,Giant Medumet
PROPMOVER_TXT_100028,Training Dummy,Training Dummy
PROPMOVER_TXT_100029,Fire Training Dummy,Fire Training Dummy
PROPMOVER_TXT_100030,Water Training Dummy,Water Training Dummy
PROPMOVER_TXT_100031,Earth Training Dummy,Earth Training Dummy
PROPMOVER_TXT_100032,Electric Training Dummy,Electric Training Dummy
PROPMOVER_TXT_100033,Wind Training Dummy,Wind Training Dummy
PROPMOVER_TXT_100097,Violet Medumet,Violet Medumet
PROPMOVER_TXT_100063,Violet Leyena,Violet Leyena
PROPMOVER_TXT_100064,Violet Trangfoma,Violet Trangfoma
PROPMOVER_TXT_100065,Violet Steam Walker,Violet Steam Walker
PROPMOVER_TXT_100068,Violet Steel Knight,Violet Steel Knight
PROPMOVER_TXT_100069,Violet Nutty Wheel,Violet Nutty Wheel
PROPMOVER_TXT_100066,Violet Driller,Violet Driller
PROPMOVER_TXT_100067,Violet Volt,Violet Volt
PROPMOVER_TXT_100070,Violet Elderguard,Violet Elderguard
PROPMOVER_TXT_100071,Violet Garbagespider,Violet Garbagespider
PROPMOVER_TXT_100072,Violet Crane Machinery,Violet Crane Machinery
PROPMOVER_TXT_100074,Violet Greemong,Violet Greemong
PROPMOVER_TXT_100076,Violet Nuctuvehicle,Violet Nuctuvehicle
PROPMOVER_TXT_100075,Violet Carrierbomb,Violet Carrierbomb
PROPMOVER_TXT_100073,Violet Syliaca,Violet Syliaca
PROPMOVER_TXT_100078,Violet Zombiger,Violet Zombiger
PROPMOVER_TXT_100077,Violet Risem,Violet Risem
PROPMOVER_TXT_100086,Violet Grrr,Violet Grrr
PROPMOVER_TXT_100091,Violet Dump,Violet Dump
PROPMOVER_TXT_100085,Violet Nautrepy,Violet Nautrepy
PROPMOVER_TXT_100082,Violet Boo,Violet Boo
PROPMOVER_TXT_100079,Violet Hoppre,Violet Hoppre
PROPMOVER_TXT_100088,Violet Mushpoie,Violet Mushpoie
PROPMOVER_TXT_100081,Violet Iren,Violet Iren
PROPMOVER_TXT_100080,Violet Watangka,Violet Watangka
PROPMOVER_TXT_100087,Violet Antiquery,Violet Antiquery
PROPMOVER_TXT_100083,Violet Luia,Violet Luia
PROPMOVER_TXT_100089,Violet Gongury,Violet Gongury
PROPMOVER_TXT_100084,Violet Shuhamma,Violet Shuhamma
PROPMOVER_TXT_100092,Violet Kern,Violet Kern
PROPMOVER_TXT_100090,Violet Glaphan,Violet Glaphan
PROPMOVER_TXT_100094,Violet Chimeradon,Violet Chimeradon
PROPMOVER_TXT_100095,Violet Bearnerky,Violet Bearnerky
PROPMOVER_TXT_100093,Violet Chef Muffrin,Violet Chef Muffrin
PROPMOVER_TXT_100096,Violet Popcrank,Violet Popcrank
PROPMOVER_TXT_100034,Violet Aibatt,Violet Aibatt
PROPMOVER_TXT_100035,Violet Mushpang,Violet Mushpang
PROPMOVER_TXT_100036,Violet Burudeng,Violet Burudeng
PROPMOVER_TXT_100038,Violet Pukepuke,Violet Pukepuke
PROPMOVER_TXT_100037,Violet Peakyturtle,Violet Peakyturtle
PROPMOVER_TXT_100039,Violet Demian,Violet Demian
PROPMOVER_TXT_100040,Violet Doridoma,Violet Doridoma
PROPMOVER_TXT_100041,Violet Lawolf,Violet Lawolf
PROPMOVER_TXT_100043,Violet Fefern,Violet Fefern
PROPMOVER_TXT_100042,Violet Nyangnyang,Violet Nyangnyang
PROPMOVER_TXT_100044,Violet Bang,Violet Bang
PROPMOVER_TXT_100099,Violet Mothbee,Violet Mothbee
PROPMOVER_TXT_100098,Violet Flybrigen,Violet Flybrigen
PROPMOVER_TXT_100100,Violet Rockepeller,Violet Rockepeller
PROPMOVER_TXT_100106,Violet Zendros,Violet Zendros
PROPMOVER_TXT_100104,Violet Neparuba,Violet Neparuba
PROPMOVER_TXT_100105,Violet Zenma,Violet Zenma
PROPMOVER_TXT_100103,Violet Longwing,Violet Longwing
PROPMOVER_TXT_100102,Violet Fafnir,Violet Fafnir
PROPMOVER_TXT_100101,Violet Gorruda,Violet Gorruda
PROPMOVER_TXT_100058,Violet Tombstone Bearer,Violet Tombstone Bearer
PROPMOVER_TXT_100060,Violet Scorpicon,Violet Scorpicon
PROPMOVER_TXT_100059,Violet Basque,Violet Basque
PROPMOVER_TXT_100061,Violet Prankster,Violet Prankster
PROPMOVER_TXT_100062,Violet Wheelem,Violet Wheelem
PROPMOVER_TXT_100045,Violet Wagsaac,Violet Wagsaac
PROPMOVER_TXT_100047,Violet Mia,Violet Mia
PROPMOVER_TXT_100048,Violet Mr. Pumpkin,Violet Mr. Pumpkin
PROPMOVER_TXT_100049,Violet Red Mantis,Violet Red Mantis
PROPMOVER_TXT_100050,Violet Jack the Hammer,Violet Jack the Hammer
PROPMOVER_TXT_100051,Violet Giggle Box,Violet Giggle Box
PROPMOVER_TXT_100052,Violet Rock Muscle,Violet Rock Muscle
PROPMOVER_TXT_100053,Violet Hobo,Violet Hobo
PROPMOVER_TXT_100055,Violet Dumb Bull,Violet Dumb Bull
PROPMOVER_TXT_100056,Violet Totemia,Violet Totemia
PROPMOVER_TXT_100057,Violet Cardpuppet,Violet Cardpuppet
PROPMOVER_TXT_100046,Violet Flybat,Violet Flybat
PROPMOVER_TXT_100054,Violet Bucrow,Violet Bucrow
PROPMOVER_TXT_100107,Baby Pink Cobra,Baby Pink Cobra
PROPMOVER_TXT_100108,Baby Giant Aibatt,Baby Giant Aibatt
PROPMOVER_TXT_100109,Baby Glaphan,Baby Glaphan
PROPMOVER_TXT_100110,Baby Longwing,Baby Longwing
PROPMOVER_TXT_100111,Baby Saphyryan,Baby Saphyryan
PROPMOVER_TXT_100112,Baby Mushpang,Baby Mushpang
PROPMOVER_TXT_100113,Baby Wagsaac,Baby Wagsaac
PROPMOVER_TXT_100114,Baby Steel Knight,Baby Steel Knight
PROPMOVER_TXT_100115,Baby Nautrepy,Baby Nautrepy
PROPMOVER_TXT_100116,Small Meteonyker,Small Meteonyker
PROPMOVER_TXT_100117,Berserk Meteonyker,Berserk Meteonyker
PROPMOVER_TXT_100118,Cyclops X,Cyclops X
PROPMOVER_TXT_100119,Giant Cyclops X,Giant Cyclops X
PROPMOVER_TXT_100120,Katamaw,Katamaw
PROPMOVER_TXT_100121,Zefus,Zefus
PROPMOVER_TXT_100122,Gruntizer,Gruntizer
PROPMOVER_TXT_100123,Obnis,Obnis
PROPMOVER_TXT_100124,Airon,Airon
PROPMOVER_TXT_100125,Kumah,Kumah
PROPMOVER_TXT_100126,Haom,Haom
PROPMOVER_TXT_100127,Scorched Meteonyker,Scorched Meteonyker
PROPMOVER_TXT_100128,Red Meteonyker,Red Meteonyker
PROPMOVER_TXT_100129,Baby Zendros,Baby Zendros
PROPMOVER_TXT_100130,Baby Dumb Bull,Baby Dumb Bull
PROPMOVER_TXT_100131,Baby Bearnerky,Baby Bearnerky
PROPMOVER_TXT_100132,Yetti,Yetti
PROPMOVER_TXT_100133,Mutant Yetti,Mutant Yetti
PROPMOVER_TXT_100134,Dark Yetti,Dark Yetti
PROPMOVER_TXT_100135,Mad Yetti,Mad Yetti
PROPMOVER_TXT_100136,Violet Yetti,Violet Yetti
PROPMOVER_TXT_100137,Augu,Augu
PROPMOVER_TXT_100138,Mutant Augu,Mutant Augu
PROPMOVER_TXT_100139,Ardent Augu,Ardent Augu
PROPMOVER_TXT_100140,Glacial Augu,Glacial Augu
PROPMOVER_TXT_100141,Violet Augu,Violet Augu
PROPMOVER_TXT_100142,Ghost of the Forgotten Prince,Ghost of the Forgotten Prince
PROPMOVER_TXT_100143,Ghost of the Forgotten King,Ghost of the Forgotten King
PROPMOVER_TXT_100144,Ghost of the Forgotten Emperor,Ghost of the Forgotten Emperor
PROPMOVER_TXT_100145,Ghost of the Forgotten Overlord,Ghost of the Forgotten Overlord
PROPMOVER_TXT_100146,Violet Ghost of the Forgotten Monarch,Violet Ghost of the Forgotten Monarch
PROPMOVER_TXT_100147,Mammoth,Mammoth
PROPMOVER_TXT_100148,Cannibal Mammoth,Cannibal Mammoth
PROPMOVER_TXT_100149,Ancient Mammoth,Ancient Mammoth
PROPMOVER_TXT_100150,Predator Mammoth,Predator Mammoth
PROPMOVER_TXT_100151,Violet Mammoth,Violet Mammoth
PROPMOVER_TXT_100152,Gigaka,Gigaka
PROPMOVER_TXT_100153,Mawrang,Mawrang
PROPMOVER_TXT_100154,Miriun,Miriun
PROPMOVER_TXT_100155,Auxilior,Auxilior
PROPMOVER_TXT_100156,Blue Alien Octopus,Blue Alien Octopus
PROPMOVER_TXT_100157,Yellow Alien Octopus,Yellow Alien Octopus
PROPMOVER_TXT_100158,Red Alien Octopus,Red Alien Octopus
PROPMOVER_TXT_100159,White Alien Octopus,White Alien Octopus
PROPMOVER_TXT_100160,Green Alien Octopus,Green Alien Octopus
PROPMOVER_TXT_100161,Black Alien Octopus,Black Alien Octopus
PROPMOVER_TXT_100162,Baby Peakyturtle,Baby Peakyturtle
PROPMOVER_TXT_100163,Baby Rock Muscle,Baby Rock Muscle
PROPMOVER_TXT_100164,Baby Giggle Box,Baby Giggle Box
PROPMOVER_TXT_100165,Baby Totemia,Baby Totemia
PROPMOVER_TXT_100166,Baby Fafnir,Baby Fafnir
PROPMOVER_TXT_100167,Baby Popcrank,Baby Popcrank
PROPMOVER_TXT_100168,Rookie Cloudberry Carrier,Rookie Cloudberry Carrier
PROPMOVER_TXT_100169,Cloudberry Carrier,Cloudberry Carrier
PROPMOVER_TXT_100170,Lightberry Carrier,Lightberry Carrier
PROPMOVER_TXT_100171,Rookie Exoberry Carrier,Rookie Exoberry Carrier
PROPMOVER_TXT_100172,Exoberry Carrier,Exoberry Carrier
PROPMOVER_TXT_001068,Waforu,Waforu
PROPMOVER_TXT_001069,Mysterious Robed Girl,Mysterious Robed Girl
PROPMOVER_TXT_001442,Lasa,Lasa
PROPMOVER_TXT_100173,Baby Giant Bang,Baby Giant Bang
PROPMOVER_TXT_100174,Baby Burudeng,Baby Burudeng
PROPMOVER_TXT_100175,Baby Iren,Baby Iren
PROPMOVER_TXT_100176,Baby Mushpoie,Baby Mushpoie
PROPMOVER_TXT_100177,Baby Flybrigen,Baby Flybrigen
PROPMOVER_TXT_100178,Baby Nuctuvehicle,Baby Nuctuvehicle
PROPMOVER_TXT_100179,Criminal Medumet,Criminal Medumet
PROPMOVER_TXT_100180,Crystal Iphrine,Crystal Iphrine
PROPMOVER_TXT_100181,Yellow Teddy Bear,Yellow Teddy Bear
PROPMOVER_TXT_100182,Blue Teddy Bear,Blue Teddy Bear
PROPMOVER_TXT_100183,Brown Teddy Bear,Brown Teddy Bear
PROPMOVER_TXT_100184,Orange Teddy Bear,Orange Teddy Bear
PROPMOVER_TXT_100185,Black Teddy Bear,Black Teddy Bear
PROPMOVER_TXT_100186,White Teddy Bear,White Teddy Bear
PROPMOVER_TXT_100187,Baby Doridoma,Baby Doridoma
PROPMOVER_TXT_100188,Baby Mothbee,Baby Mothbee
PROPMOVER_TXT_100189,Baby Hobo,Baby Hobo
PROPMOVER_TXT_100190,Primgon,Primgon
PROPMOVER_TXT_100191,Blue Gummy Bear,Blue Gummy Bear
PROPMOVER_TXT_100192,Brown Gummy Bear,Brown Gummy Bear
PROPMOVER_TXT_100193,Pink Gummy Bear,Pink Gummy Bear
PROPMOVER_TXT_100194,Red Gummy Bear,Red Gummy Bear
PROPMOVER_TXT_100195,Black Gummy Bear,Black Gummy Bear
PROPMOVER_TXT_100196,White Gummy Bear,White Gummy Bear
PROPMOVER_TXT_100197,Baby Wild Rabbit,Baby Wild Rabbit
PROPMOVER_TXT_100198,Puppy,Puppy
PROPMOVER_TXT_100199,Furious Mr. Pumpkin,Furious Mr. Pumpkin
PROPMOVER_TXT_100200,Deviant Mr. Pumpkin,Deviant Mr. Pumpkin
PROPMOVER_TXT_100201,Baby Winged Sheep,Baby Winged Sheep
PROPMOVER_TXT_100202,Teddy Bear,Teddy Bear
PROPMOVER_TXT_100203,Kitty with Yellow Umbrella,Kitty with Yellow Umbrella
PROPMOVER_TXT_100204,Kitty with Green Umbrella,Kitty with Green Umbrella
PROPMOVER_TXT_100205,Kitty with Pink Umbrella,Kitty with Pink Umbrella
PROPMOVER_TXT_100206,Kitty with Purple Umbrella,Kitty with Purple Umbrella
PROPMOVER_TXT_100207,Kitty with Beige Umbrella,Kitty with Beige Umbrella
PROPMOVER_TXT_100208,Kitty with Grey Umbrella,Kitty with Grey Umbrella
PROPMOVER_TXT_100209,Halloween Ghost,Halloween Ghost
PROPMOVER_TXT_100210,Lord Big Muscle,Lord Big Muscle
PROPMOVER_TXT_100211,Lord Krrr,Lord Krrr
PROPMOVER_TXT_100212,Lord Mushmoot,Lord Mushmoot
PROPMOVER_TXT_100213,Lord Meteonyker,Lord Meteonyker
PROPMOVER_TXT_100214,Lord Red Meteonyker,Lord Red Meteonyker
PROPMOVER_TXT_100215,Lord Pumpkin,Lord Pumpkin
PROPMOVER_TXT_100216,Lord Lykanos,Lord Lykanos
PROPMOVER_TXT_100217,Lord Drakul,Lord Drakul
PROPMOVER_TXT_100219,Lord Ripper,Lord Ripper
PROPMOVER_TXT_100220,Lord Mia,Lord Mia
PROPMOVER_TXT_100221,Lord Iblis Leanes,Lord Iblis Leanes
PROPMOVER_TXT_100222,Violet Halloween Puppet,Violet Halloween Puppet
PROPMOVER_TXT_100223,Orange Halloween Puppet,Orange Halloween Puppet
PROPMOVER_TXT_100224,Beige Halloween Puppet,Beige Halloween Puppet
PROPMOVER_TXT_100225,Pink Halloween Puppet,Pink Halloween Puppet
PROPMOVER_TXT_100226,Grey Halloween Puppet,Grey Halloween Puppet
PROPMOVER_TXT_100227,White Halloween Puppet,White Halloween Puppet
PROPMOVER_TXT_100228,Sport Pop Red Tiger,Sport Pop Red Tiger
PROPMOVER_TXT_100229,Sport Pop Blue Tiger,Sport Pop Blue Tiger
PROPMOVER_TXT_100230,Sport Pop Green Tiger,Sport Pop Green Tiger
PROPMOVER_TXT_100231,Sport Pop Orange Tiger,Sport Pop Orange Tiger
PROPMOVER_TXT_100232,Sport Pop Pink Tiger,Sport Pop Pink Tiger
PROPMOVER_TXT_100233,Sport Pop Purple Tiger,Sport Pop Purple Tiger
PROPMOVER_TXT_100234,Purple Disco Poodle,Purple Disco Poodle
PROPMOVER_TXT_100235,Green Disco Poodle,Green Disco Poodle
PROPMOVER_TXT_100236,Orange Disco Poodle,Orange Disco Poodle
PROPMOVER_TXT_100237,Pink Disco Poodle,Pink Disco Poodle
PROPMOVER_TXT_100238,Black Disco Poodle,Black Disco Poodle
PROPMOVER_TXT_100239,Cyan Disco Poodle,Cyan Disco Poodle
PROPMOVER_TXT_100240,Nine Tails,Nine Tails
PROPMOVER_TXT_100241,Nero,Nero
PROPMOVER_TXT_100242,Thief Santa Monster,Thief Santa Monster
PROPMOVER_TXT_100243,Grumpy elf,Grumpy elf
PROPMOVER_TXT_100250,Blue Winter Pixie,Blue Winter Pixie
PROPMOVER_TXT_100251,Green Winter Pixie,Green Winter Pixie
PROPMOVER_TXT_100252,Purple Winter Pixie,Purple Winter Pixie
PROPMOVER_TXT_100253,Cyan Winter Pixie,Cyan Winter Pixie
PROPMOVER_TXT_100254,Black Winter Pixie,Black Winter Pixie
PROPMOVER_TXT_100255,White Winter Pixie,White Winter Pixie
PROPMOVER_TXT_100256,Fu Lion King,Fu Lion King
PROPMOVER_TXT_100257,Black Winter Tiger,Black Winter Tiger
PROPMOVER_TXT_100258,Pink Winter Tiger,Pink Winter Tiger
PROPMOVER_TXT_100259,Green Winter Tiger ,Green Winter Tiger 
PROPMOVER_TXT_100260,Purple Winter Tiger ,Purple Winter Tiger 
PROPMOVER_TXT_100261,Orange Winter Tiger ,Orange Winter Tiger 
PROPMOVER_TXT_100262,Cyan Winter Tiger ,Cyan Winter Tiger 
PROPMOVER_TXT_100263,Tonge,Tonge
PROPMOVER_TXT_100264,Fox,Fox
PROPMOVER_TXT_100265,Mermaid Beauty,Mermaid Beauty
PROPMOVER_TXT_100266,Overgrown Shark,Overgrown Shark
PROPMOVER_TXT_100267,Grunt Gorilla,Grunt Gorilla
PROPMOVER_TXT_100268,Overgrown Spider,Overgrown Spider
PROPMOVER_TXT_100269,Temple Guardian,Temple Guardian
PROPMOVER_TXT_100270,Sentient Tree Warrior,Sentient Tree Warrior
PROPMOVER_TXT_100271,Old Rut,Old Rut
PROPMOVER_TXT_100244,Skeletal Militant,Skeletal Militant
PROPMOVER_TXT_100245,Crystal Demon Lord,Crystal Demon Lord
PROPMOVER_TXT_100246,Great Kraken,Great Kraken
PROPMOVER_TXT_100247,Siren,Siren
PROPMOVER_TXT_100248,Lurking Merman,Lurking Merman
PROPMOVER_TXT_100249,Cunning Merman,Cunning Merman
PROPMOVER_TXT_001198,Great Catsy,Great Catsy
PROPMOVER_TXT_001200,Great Harpy,Great Harpy
PROPMOVER_TXT_001202,Great Gullah,Great Gullah
PROPMOVER_TXT_001204,Great Abraxas,Great Abraxas
PROPMOVER_TXT_001206,Great Hague,Great Hague
PROPMOVER_TXT_001208,Great Tengu,Great Tengu
PROPMOVER_TXT_001210,Great Asterius,Great Asterius
PROPMOVER_TXT_001212,Great Dantalian,Great Dantalian
PROPMOVER_TXT_001214,Great Gannessa,Great Gannessa
PROPMOVER_TXT_001216,Great Asuras,Great Asuras
PROPMOVER_TXT_001180,Small Nyx,Small Nyx
PROPMOVER_TXT_001182,Nyx,Nyx
PROPMOVER_TXT_001184,Captain Nyx,Captain Nyx
PROPMOVER_TXT_001186,Asmodan,Asmodan
PROPMOVER_TXT_001100,Small Harpy,Small Harpy
PROPMOVER_TXT_001102,Harpy,Harpy
PROPMOVER_TXT_001104,Captain Harpy,Captain Harpy
PROPMOVER_TXT_001106,Giant Harpy,Giant Harpy
PROPMOVER_TXT_001108,Small Gullah,Small Gullah
PROPMOVER_TXT_001110,Gullah,Gullah
PROPMOVER_TXT_001112,Captain Gullah,Captain Gullah
PROPMOVER_TXT_001114,Giant Gullah,Giant Gullah
PROPMOVER_TXT_001116,Small Abraxas,Small Abraxas
PROPMOVER_TXT_001118,Abraxas,Abraxas
PROPMOVER_TXT_001120,Captain Abraxas,Captain Abraxas
PROPMOVER_TXT_001122,Giant Abraxas,Giant Abraxas
PROPMOVER_TXT_001124,Small Hague,Small Hague
PROPMOVER_TXT_001126,Hague,Hague
PROPMOVER_TXT_001128,Captain Hague,Captain Hague
PROPMOVER_TXT_001130,Giant Hague,Giant Hague
PROPMOVER_TXT_001132,Small Tengu,Small Tengu
PROPMOVER_TXT_001134,Tengu,Tengu
PROPMOVER_TXT_001136,Captain Tengu,Captain Tengu
PROPMOVER_TXT_001138,Giant Tengu,Giant Tengu
PROPMOVER_TXT_001140,Small Asterius,Small Asterius
PROPMOVER_TXT_001142,Asterius,Asterius
PROPMOVER_TXT_001144,Captain Asterius,Captain Asterius
PROPMOVER_TXT_001146,Giant Asterius,Giant Asterius
PROPMOVER_TXT_001148,Small Dantalian,Small Dantalian
PROPMOVER_TXT_001150,Dantalian,Dantalian
PROPMOVER_TXT_001152,Captain Dantalian,Captain Dantalian
PROPMOVER_TXT_001154,Giant Dantalian,Giant Dantalian
PROPMOVER_TXT_001156,Small Gannessa,Small Gannessa
PROPMOVER_TXT_001158,Gannessa,Gannessa
PROPMOVER_TXT_001160,Captain Gannessa,Captain Gannessa
PROPMOVER_TXT_001162,Giant Gannessa,Giant Gannessa
PROPMOVER_TXT_001164,Small Asuras,Small Asuras
PROPMOVER_TXT_001166,Asuras,Asuras
PROPMOVER_TXT_001168,Captain Asuras,Captain Asuras
PROPMOVER_TXT_001170,Giant Asuras,Giant Asuras
PROPMOVER_TXT_001172,Small Catsy,Small Catsy
PROPMOVER_TXT_001174,Catsy,Catsy
PROPMOVER_TXT_001176,Giant Catsy,Giant Catsy
PROPMOVER_TXT_001178,Captain Catsy,Captain Catsy
PROPMOVER_TXT_001218,Knight 2,Knight 2
PROPMOVER_TXT_001220,Knight 1,Knight 1
PROPMOVER_TXT_001221,Queen Long Legs,Queen Long Legs
PROPMOVER_TXT_001222,Nightmist Empress,Nightmist Empress
PROPMOVER_TXT_001223,Bolt Otem,Bolt Otem
PROPMOVER_TXT_001224,Overgrown Broodmother,Overgrown Broodmother
PROPMOVER_TXT_001225,Spiderling,Spiderling
PROPMOVER_TXT_001226,Enraged Gorilla,Enraged Gorilla
PROPMOVER_TXT_001227,Sentient Tree Guardian,Sentient Tree Guardian
PROPMOVER_TXT_001228,Regal Kumai,Regal Kumai
PROPMOVER_TXT_001229,Enchanted Rider,Enchanted Rider
PROPMOVER_TXT_001230,Enchanted Shaman,Enchanted Shaman
PROPMOVER_TXT_001231,Enchanted AI,Enchanted AI
PROPMOVER_TXT_001232,Pyramid Keeper,Pyramid Keeper
PROPMOVER_TXT_001233,Pyramid Guardian,Pyramid Guardian
PROPMOVER_TXT_001234,Defense Otem,Defense Otem
PROPMOVER_TXT_001235,Skeleton General,Skeleton General
PROPMOVER_TXT_230001,Enraged Yetti,Enraged Yetti
PROPMOVER_TXT_230002,Frozen Hare Guard,Frozen Hare Guard
PROPMOVER_TXT_230003,Saphyryan Hound,Saphyryan Hound
PROPMOVER_TXT_230004,Deep Cave Gorilla,Deep Cave Gorilla
PROPMOVER_TXT_230005,Caveman Chief,Caveman Chief
PROPMOVER_TXT_230006,Cavern Larva,Cavern Larva
PROPMOVER_TXT_230007,Radioactive Long Legs,Radioactive Long Legs
PROPMOVER_TXT_230008,Cavern Nightmist,Cavern Nightmist
PROPMOVER_TXT_230009,Frozen Hare Assassin,Frozen Hare Assassin
PROPMOVER_TXT_230010,Giant Turtle,Giant Turtle
PROPMOVER_TXT_230011,Kraken Spawn,Kraken Spawn
PROPMOVER_TXT_010000,Orange Sleeping Fox,Orange Sleeping Fox
PROPMOVER_TXT_010001,Black Sleeping Fox,Black Sleeping Fox
PROPMOVER_TXT_010002,Blue Sleeping Fox,Blue Sleeping Fox
PROPMOVER_TXT_010003,Green Sleeping Fox,Green Sleeping Fox
PROPMOVER_TXT_010004,Pink Sleeping Fox,Pink Sleeping Fox
PROPMOVER_TXT_010005,Purple Sleeping Fox,Purple Sleeping Fox
PROPMOVER_TXT_010006,White Sleeping Fox,White Sleeping Fox
PROPMOVER_TXT_110000,Pink Valentine's Bear,Pink Valentine's Bear
PROPMOVER_TXT_110001,White Valentine's Bear,White Valentine's Bear
PROPMOVER_TXT_110002,Dark Valentine's Bear,Dark Valentine's Bear
PROPMOVER_TXT_110003,Orange Valentine's Bear,Orange Valentine's Bear
PROPMOVER_TXT_110004,Green Valentine's Bear,Green Valentine's Bear
PROPMOVER_TXT_110005,Purple Valentine's Bear,Purple Valentine's Bear
PROPMOVER_TXT_110006,Pink Little Cacti,Pink Little Cacti
PROPMOVER_TXT_110007,Green Little Cacti,Green Little Cacti
PROPMOVER_TXT_110008,Purple Little Cacti,Purple Little Cacti
PROPMOVER_TXT_110009,Orange Little Cacti,Orange Little Cacti
PROPMOVER_TXT_110010,Red Little Cacti,Red Little Cacti
PROPMOVER_TXT_110011,Cyan Little Cacti,Cyan Little Cacti
PROPMOVER_TXT_110012,Phantom General,Phantom General
PROPMOVER_TXT_110013,Golden Aibatt,Golden Aibatt
PROPMOVER_TXT_110014,Pink Modern Sports Bear,Pink Modern Sports Bear
PROPMOVER_TXT_110015,Blue Modern Sports Bear,Blue Modern Sports Bear
PROPMOVER_TXT_110016,Green Modern Sports Bear,Green Modern Sports Bear
PROPMOVER_TXT_110017,Purple Modern Sports Bear,Purple Modern Sports Bear
PROPMOVER_TXT_110018,Dark Modern Sports Bear,Dark Modern Sports Bear
PROPMOVER_TXT_110019,Light Modern Sports Bear,Light Modern Sports Bear
PROPMOVER_TXT_110020,Pink Easter Bunny,Pink Easter Bunny
PROPMOVER_TXT_110021,Pink Future Robot,Pink Future Robot
PROPMOVER_TXT_110022,Purple Future Robot,Purple Future Robot
PROPMOVER_TXT_110023,Cyan Future Robot,Cyan Future Robot
PROPMOVER_TXT_110024,Dark Future Robot,Dark Future Robot
PROPMOVER_TXT_110025,Green Future Robot,Green Future Robot
PROPMOVER_TXT_110026,Blue Future Robot,Blue Future Robot
PROPMOVER_TXT_110027,Flying Egg,Flying Egg
PROPMOVER_TXT_110028,Eggcellent,Eggcellent
PROPMOVER_TXT_110029,Blue Flying Bunny,Blue Flying Bunny
PROPMOVER_TXT_110030,Green Flying Bunny,Green Flying Bunny
PROPMOVER_TXT_110031,Pink Flying Bunny,Pink Flying Bunny
PROPMOVER_TXT_110032,Purple Flying Bunny,Purple Flying Bunny
PROPMOVER_TXT_110033,Brown Flying Bunny,Brown Flying Bunny
PROPMOVER_TXT_110034,Black Flying Bunny,Black Flying Bunny
PROPMOVER_TXT_110035,White Flying Bunny,White Flying Bunny
PROPMOVER_TXT_110036,Hantiger,Hantiger
PROPMOVER_TXT_110037,Galaxy Scout,Galaxy Scout
PROPMOVER_TXT_110038,Blue Hat Bunny,Blue Hat Bunny
PROPMOVER_TXT_110039,Dark Hat Bunny,Dark Hat Bunny
PROPMOVER_TXT_110040,Green Hat Bunny,Green Hat Bunny
PROPMOVER_TXT_110041,Orange Hat Bunny,Orange Hat Bunny
PROPMOVER_TXT_110042,Pink Hat Bunny,Pink Hat Bunny
PROPMOVER_TXT_110043,Purple Hat Bunny,Purple Hat Bunny
PROPMOVER_TXT_110044,Black Hat Bunny,Black Hat Bunny
PROPMOVER_TXT_110045,White Hat Bunny,White Hat Bunny
PROPMOVER_TXT_110047,Gold Skeleton,Gold Skeleton
PROPMOVER_TXT_110048,Birthday Baker,Birthday Baker
PROPMOVER_TXT_110049,White Stripe Purple Bear,White Stripe Purple Bear
PROPMOVER_TXT_110050,White Stripe Blue Bear,White Stripe Blue Bear
PROPMOVER_TXT_110051,White Stripe Green Bear,White Stripe Green Bear
PROPMOVER_TXT_110052,White Stripe Orange Bear,White Stripe Orange Bear
PROPMOVER_TXT_110053,White Stripe Pink Bear,White Stripe Pink Bear
PROPMOVER_TXT_110054,White Stripe Black Bear,White Stripe Black Bear
PROPMOVER_TXT_110055,White Stripe White Bear,White Stripe White Bear
PROPMOVER_TXT_110056,Lord Manager,Lord Manager
PROPMOVER_TXT_110057,Black Japanese Piggy,Black Japanese Piggy
PROPMOVER_TXT_110058,Purple Japanese Piggy,Purple Japanese Piggy
PROPMOVER_TXT_110059,Blue Japanese Piggy,Blue Japanese Piggy
PROPMOVER_TXT_110060,Light Red Japanese Piggy,Light Red Japanese Piggy
PROPMOVER_TXT_110061,Orange Japanese Piggy,Orange Japanese Piggy
PROPMOVER_TXT_110062,White Japanese Piggy,White Japanese Piggy
PROPMOVER_TXT_110063,Light Japanese Piggy,Light Japanese Piggy
PROPMOVER_TXT_110064,Baby Carrierbomb,Baby Carrierbomb
PROPMOVER_TXT_110065,Baby Fefern,Baby Fefern
PROPMOVER_TXT_110066,Baby Wheelem,Baby Wheelem
PROPMOVER_TXT_110067,Gacha Machine,Gacha Machine
PROPMOVER_TXT_110068,Skating Cat,Skating Cat
PROPMOVER_TXT_110069,Bach,Bach
PROPMOVER_TXT_110070,Neo Purple Robot,Neo Purple Robot
PROPMOVER_TXT_110071,Neo Green Robot,Neo Green Robot
PROPMOVER_TXT_110072,Neo Orange Robot,Neo Orange Robot
PROPMOVER_TXT_110073,Neo Yellow Robot,Neo Yellow Robot
PROPMOVER_TXT_110074,Neo Black Robot,Neo Black Robot
PROPMOVER_TXT_110075,Neo White Robot,Neo White Robot
PROPMOVER_TXT_110076,Pink Flying Froggy,Pink Flying Froggy
PROPMOVER_TXT_110077,Green Flying Froggy,Green Flying Froggy
PROPMOVER_TXT_110078,Purple Flying Froggy,Purple Flying Froggy
PROPMOVER_TXT_110079,Red Flying Froggy,Red Flying Froggy
PROPMOVER_TXT_110080,Black Flying Froggy,Black Flying Froggy
PROPMOVER_TXT_110081,Blue Flying Froggy,Blue Flying Froggy
PROPMOVER_TXT_002016,Rex Potato,Rex Potato
PROPMOVER_TXT_002017,Prince Potato,Prince Potato
PROPMOVER_TXT_002159,Private Leo,Private Leo
PROPMOVER_TXT_002160,Noah,Noah
PROPMOVER_TXT_110082,Draco,Draco
PROPMOVER_TXT_110083,Pink Axolotl,Pink Axolotl
PROPMOVER_TXT_110084,Yellow Axolotl,Yellow Axolotl
PROPMOVER_TXT_110085,Purple Axolotl,Purple Axolotl
PROPMOVER_TXT_110086,Blue Axolotl,Blue Axolotl
PROPMOVER_TXT_110087,Red Axolotl,Red Axolotl
PROPMOVER_TXT_110088,Black Axolotl,Black Axolotl
PROPMOVER_TXT_110089,Traveling Merchant,Traveling Merchant
PROPMOVER_TXT_110046,Red Spirit Dragon,Red Spirit Dragon
PROPMOVER_TXT_110090,Green Spirit Dragon,Green Spirit Dragon
PROPMOVER_TXT_110091,Yellow Spirit Dragon,Yellow Spirit Dragon
PROPMOVER_TXT_400000,Andrew,Andrew
PROPMOVER_TXT_110092,Molu,Molu
PROPMOVER_TXT_110093,Blue Flying Sheep,Blue Flying Sheep
PROPMOVER_TXT_110094,Yellow Flying Sheep,Yellow Flying Sheep
PROPMOVER_TXT_110095,Red Flying Sheep,Red Flying Sheep
PROPMOVER_TXT_110096,Purple Flying Sheep,Purple Flying Sheep
PROPMOVER_TXT_110097,Pink Flying Sheep,Pink Flying Sheep
PROPMOVER_TXT_110098,Black Flying Sheep,Black Flying Sheep
PROPMOVER_TXT_110100,Silver Aibatt,Silver Aibatt
PROPMOVER_TXT_110151,Purple Floating Oni,Purple Floating Oni
PROPMOVER_TXT_110152,Blue Floating Oni,Blue Floating Oni
PROPMOVER_TXT_110153,Green Floating Oni,Green Floating Oni
PROPMOVER_TXT_110154,Red Floating Oni,Red Floating Oni
PROPMOVER_TXT_110155,Ice Blue Floating Oni,Ice Blue Floating Oni
PROPMOVER_TXT_110156,Black Floating Oni,Black Floating Oni
PROPMOVER_TXT_110157,Orange Witch Cat,Orange Witch Cat
PROPMOVER_TXT_110158,Purple Witch Cat,Purple Witch Cat
PROPMOVER_TXT_110159,Green Witch Cat,Green Witch Cat
PROPMOVER_TXT_110160,Red Witch Cat,Red Witch Cat
PROPMOVER_TXT_110161,Blue Witch Cat,Blue Witch Cat
PROPMOVER_TXT_110162,White Witch Cat,White Witch Cat
PROPMOVER_TXT_110163,Purple Phantocat,Purple Phantocat
PROPMOVER_TXT_110164,Blue Phantocat,Blue Phantocat
PROPMOVER_TXT_110165,Green Phantocat,Green Phantocat
PROPMOVER_TXT_110166,Black Phantocat,Black Phantocat
PROPMOVER_TXT_110167,Red Phantocat,Red Phantocat
PROPMOVER_TXT_110168,White Phantocat,White Phantocat
PROPMOVER_TXT_210093,Prismatic Cobra,Prismatic Cobra
PROPMOVER_TXT_210094,Twinstrike Cobra,Twinstrike Cobra
PROPMOVER_TXT_210095,Tanuki Enforcer,Tanuki Enforcer
PROPMOVER_TXT_210096,Tanuki Protector,Tanuki Protector
PROPMOVER_TXT_210097,Wildwood Stalker,Wildwood Stalker
PROPMOVER_TXT_210098,Wildwood Chieftain,Wildwood Chieftain
PROPMOVER_TXT_210099,Beast King Khan,Beast King Khan
PROPMOVER_TXT_210100,Small Kingster,Small Kingster
PROPMOVER_TXT_110101,Kingster,Kingster
PROPMOVER_TXT_110102,Captain Kingster,Captain Kingster
PROPMOVER_TXT_110103,Small Kraken,Small Kraken
PROPMOVER_TXT_110104,Kraken,Kraken
PROPMOVER_TXT_110105,Captain Kraken,Captain Kraken
PROPMOVER_TXT_110106,Small Creper,Small Creper
PROPMOVER_TXT_110107,Creper,Creper
PROPMOVER_TXT_110108,Captain Creper,Captain Creper
PROPMOVER_TXT_110109,Small Naga,Small Naga
PROPMOVER_TXT_110110,Naga,Naga
PROPMOVER_TXT_110111,Captain Naga,Captain Naga
PROPMOVER_TXT_110112,Small Atrox,Small Atrox
PROPMOVER_TXT_110113,Atrox,Atrox
PROPMOVER_TXT_110114,Captain Atrox,Captain Atrox
PROPMOVER_TXT_110115,Small Okean,Small Okean
PROPMOVER_TXT_110116,Okean,Okean
PROPMOVER_TXT_110117,Captain Okean,Captain Okean
PROPMOVER_TXT_110118,Small Tigar,Small Tigar
PROPMOVER_TXT_110119,Tigar,Tigar
PROPMOVER_TXT_110120,Captain Tigar,Captain Tigar
PROPMOVER_TXT_110121,Small Dorian,Small Dorian
PROPMOVER_TXT_110122,Dorian,Dorian
PROPMOVER_TXT_110123,Captain Dorian,Captain Dorian
PROPMOVER_TXT_110124,Small Meral,Small Meral
PROPMOVER_TXT_110125,Meral,Meral
PROPMOVER_TXT_110126,Captain Meral,Captain Meral
PROPMOVER_TXT_110127,Giant Kingster,Giant Kingster
PROPMOVER_TXT_110128,Giant Kraken,Giant Kraken
PROPMOVER_TXT_110129,Giant Creper,Giant Creper
PROPMOVER_TXT_110130,Giant Naga,Giant Naga
PROPMOVER_TXT_110131,Giant Atrox,Giant Atrox
PROPMOVER_TXT_110132,Giant Okean,Giant Okean
PROPMOVER_TXT_110133,Giant Tigar,Giant Tigar
PROPMOVER_TXT_110134,Giant Dorian,Giant Dorian
PROPMOVER_TXT_110135,Giant Meral,Giant Meral
PROPMOVER_TXT_110136,Violet Kingster,Violet Kingster
PROPMOVER_TXT_110137,Violet Kraken,Violet Kraken
PROPMOVER_TXT_110138,Violet Creper,Violet Creper
PROPMOVER_TXT_110139,Violet Naga,Violet Naga
PROPMOVER_TXT_110140,Violet Atrox,Violet Atrox
PROPMOVER_TXT_110141,Violet Okean,Violet Okean
PROPMOVER_TXT_110142,Violet Tigar,Violet Tigar
PROPMOVER_TXT_110143,Violet Dorian,Violet Dorian
PROPMOVER_TXT_110144,Violet Meral,Violet Meral
PROPMOVER_TXT_110145,Blue Flying Sheep,Blue Flying Sheep
PROPMOVER_TXT_110146,Yellow Flying Sheep,Yellow Flying Sheep
PROPMOVER_TXT_110147,Red Flying Sheep,Red Flying Sheep
PROPMOVER_TXT_110148,Purple Flying Sheep,Purple Flying Sheep
PROPMOVER_TXT_110149,Pink Flying Sheep,Pink Flying Sheep
PROPMOVER_TXT_110150,Black Flying Sheep,Black Flying Sheep
PROPMOVER_TXT_210151,Rainbow Race Officer,Rainbow Race Officer
PROPMOVER_TXT_210152,Water Totem Pole,Water Totem Pole
PROPMOVER_TXT_210153,Wind Totem Pole,Wind Totem Pole
PROPMOVER_TXT_210154,Earth Totem Pole,Earth Totem Pole
PROPMOVER_TXT_210155,Fire Totem Pole,Fire Totem Pole
PROPMOVER_TXT_210156,Electric Totem Pole,Electric Totem Pole
PROPMOVER_TXT_210157,Twinstrike Den Mother,Twinstrike Den Mother
PROPMOVER_TXT_210158,The Wilds Guard,The Wilds Guard
PROPMOVER_TXT_210159,Pau Pau,Pau Pau
PROPMOVER_TXT_210160,Kammie,Kammie
PROPMOVER_TXT_210161,BoBu,BoBu
PROPMOVER_TXT_210162,Talus,Talus
PROPMOVER_TXT_210163,Inventor Remi,Inventor Remi
PROPMOVER_TXT_210164,Sunny Pang,Sunny Pang
PROPMOVER_TXT_210165,'s Artifact,'s Artifact
PROPMOVER_TXT_210166,Tanuki Trainee,Tanuki Trainee
PROPMOVER_TXT_210167,Wildwood Shaman,Wildwood Shaman
PROPMOVER_TXT_001312,Charlie,Charlie
PROPMOVER_TXT_210168,Red Patrol Dog,Red Patrol Dog
PROPMOVER_TXT_210169,Purple Patrol Dog,Purple Patrol Dog
PROPMOVER_TXT_210170,Cyan Patrol Dog,Cyan Patrol Dog
PROPMOVER_TXT_210171,Blue Patrol Dog,Blue Patrol Dog
PROPMOVER_TXT_210172,Black Patrol Dog,Black Patrol Dog
PROPMOVER_TXT_210173,White Patrol Dog,White Patrol Dog
PROPMOVER_TXT_110169,Wild Turkey,Wild Turkey
PROPMOVER_TXT_210174,Red Rolling Clown,Red Rolling Clown
PROPMOVER_TXT_210175,Purple Rolling Clown,Purple Rolling Clown
PROPMOVER_TXT_210176,Green Rolling Clown,Green Rolling Clown
PROPMOVER_TXT_210177,Pink Rolling Clown,Pink Rolling Clown
PROPMOVER_TXT_210178,Blue Rolling Clown,Blue Rolling Clown
PROPMOVER_TXT_210179,White Rolling Clown,White Rolling Clown
PROPMOVER_TXT_001313,Thief Santa,Thief Santa
PROPMOVER_TXT_001314,Santa,Santa
PROPMOVER_TXT_400001,Red Snowman,Red Snowman
PROPMOVER_TXT_400002,Purple Snowman,Purple Snowman
PROPMOVER_TXT_400003,Pink Snowman,Pink Snowman
PROPMOVER_TXT_400004,Green Snowman,Green Snowman
PROPMOVER_TXT_400005,Blue Snowman,Blue Snowman
PROPMOVER_TXT_400006,Black Snowman,Black Snowman
PROPMOVER_TXT_400007,Red Snowy Cat,Red Snowy Cat
PROPMOVER_TXT_400008,Pink Snowy Cat,Pink Snowy Cat
PROPMOVER_TXT_400009,Green Snowy Cat,Green Snowy Cat
PROPMOVER_TXT_400010,Blue Snowy Cat,Blue Snowy Cat
PROPMOVER_TXT_400011,Purple Snowy Cat,Purple Snowy Cat
PROPMOVER_TXT_400012,Black Snowy Cat,Black Snowy Cat
PROPMOVER_TXT_400013,Blue Wonderful Dog,Blue Wonderful Dog
PROPMOVER_TXT_400014,Pink Wonderful Dog,Pink Wonderful Dog
PROPMOVER_TXT_400015,Green Wonderful Dog,Green Wonderful Dog
PROPMOVER_TXT_400016,Yellow Wonderful Dog,Yellow Wonderful Dog
PROPMOVER_TXT_400017,Purple Wonderful Dog,Purple Wonderful Dog
PROPMOVER_TXT_400018,Red Wonderful Dog,Red Wonderful Dog
PROPMOVER_TXT_001316,Guest Book,Guest Book
PROPMOVER_TXT_001315,Kalgas,Kalgas
PROPMOVER_TXT_001317,Artifact,Artifact
PROPMOVER_TXT_400019,Brown Cub,Brown Cub
PROPMOVER_TXT_400020,Purple Cub,Purple Cub
PROPMOVER_TXT_400021,Blue Cub,Blue Cub
PROPMOVER_TXT_400022,Green Cub,Green Cub
PROPMOVER_TXT_400023,White Cub,White Cub
PROPMOVER_TXT_400024,Black Cub,Black Cub
PROPMOVER_TXT_400025,Event Greemong,Event Greemong
PROPMOVER_TXT_400200,[Event] Giant Wagsaac,[Event] Giant Wagsaac
PROPMOVER_TXT_400201,[Event] Giant Jack the Hammer,[Event] Giant Jack the Hammer
PROPMOVER_TXT_400202,[Event] Giant Bucrow,[Event] Giant Bucrow
PROPMOVER_TXT_400203,[Event] Giant Totemia,[Event] Giant Totemia
PROPMOVER_TXT_400204,[Event] Giant Wheelem,[Event] Giant Wheelem
PROPMOVER_TXT_400205,[Event] Giant Hoppre,[Event] Giant Hoppre
PROPMOVER_TXT_400206,[Event] Giant Mushpoie,[Event] Giant Mushpoie
PROPMOVER_TXT_400207,[Event] Giant Watangka,[Event] Giant Watangka
PROPMOVER_TXT_400208,[Event] Giant Fafnir,[Event] Giant Fafnir
PROPMOVER_TXT_400209,[Event] Giant Gorruda,[Event] Giant Gorruda
PROPMOVER_TXT_400210,[Event] Giant Medumet,[Event] Giant Medumet
PROPMOVER_TXT_400211,[Event] Glacial Augu,[Event] Glacial Augu
PROPMOVER_TXT_400212,[Event] Ghost of the forgotten Overlord,[Event] Ghost of the forgotten Overlord
PROPMOVER_TXT_400213,[Event] Giant Asuras,[Event] Giant Asuras
PROPMOVER_TXT_400214,[Event] Giant Tigar,[Event] Giant Tigar
PROPMOVER_TXT_400215,[Event] Captain Flybat,[Event] Captain Flybat
PROPMOVER_TXT_400216,[Event] Mr. Pumpkin,[Event] Mr. Pumpkin
PROPMOVER_TXT_400217,[Event] Dumb Bull,[Event] Dumb Bull
PROPMOVER_TXT_400218,[Event] Scorpicon,[Event] Scorpicon
PROPMOVER_TXT_400219,[Event] Wheelem,[Event] Wheelem
PROPMOVER_TXT_400220,[Event] Steel Knight,[Event] Steel Knight
PROPMOVER_TXT_400221,[Event] Driller,[Event] Driller
PROPMOVER_TXT_400222,[Event] Captian Volt,[Event] Captian Volt
PROPMOVER_TXT_400223,[Event] Greemong,[Event] Greemong
PROPMOVER_TXT_400224,[Event] Iren,[Event] Iren
PROPMOVER_TXT_400225,[Event] Watangka,[Event] Watangka
PROPMOVER_TXT_400226,[Event] Small Antiquery,[Event] Small Antiquery
PROPMOVER_TXT_400227,[Event] Antiquery,[Event] Antiquery
PROPMOVER_TXT_400228,[Event] Luia,[Event] Luia
PROPMOVER_TXT_400229,[Event] Small Gongury,[Event] Small Gongury
PROPMOVER_TXT_400230,[Event] Harpy,[Event] Harpy
PROPMOVER_TXT_400231,[Event] Kern,[Event] Kern
PROPMOVER_TXT_400232,[Event] Small Medumet,[Event] Small Medumet
PROPMOVER_TXT_400233,[Event] Yetti,[Event] Yetti
PROPMOVER_TXT_400234,[Event] Small Dantalian,[Event] Small Dantalian
PROPMOVER_TXT_400235,[Event] Mutant Augu,[Event] Mutant Augu
PROPMOVER_TXT_400236,[Event] Ghost of the forgotten king,[Event] Ghost of the forgotten king
PROPMOVER_TXT_400237,[Event] Small Asuras,[Event] Small Asuras
PROPMOVER_TXT_400238,[Event] Mammoth,[Event] Mammoth
PROPMOVER_TXT_400239,[Event] Asuras,[Event] Asuras
PROPMOVER_TXT_400240,[Event] Cannibal Mammoth,[Event] Cannibal Mammoth
PROPMOVER_TXT_400241,[Event] Meral,[Event] Meral
PROPMOVER_TXT_400026,Blue Pixel Rabbit,Blue Pixel Rabbit
PROPMOVER_TXT_400027,Red Pixel Rabbit,Red Pixel Rabbit
PROPMOVER_TXT_400028,Green Pixel Rabbit,Green Pixel Rabbit
PROPMOVER_TXT_400029,Pink Pixel Rabbit,Pink Pixel Rabbit
PROPMOVER_TXT_400030,Purple Pixel Rabbit,Purple Pixel Rabbit
PROPMOVER_TXT_400031,Yellow Pixel Rabbit,Yellow Pixel Rabbit
PROPMOVER_TXT_001319,[Event] Leyena,[Event] Leyena
PROPMOVER_TXT_001321,[Event] Giant Kraken,[Event] Giant Kraken
PROPMOVER_TXT_400032,[Event] Giggle Box,[Event] Giggle Box
PROPMOVER_TXT_400033,[Event] Violet Giggle Box,[Event] Violet Giggle Box
PROPMOVER_TXT_400034,Fox Spirit,Fox Spirit
PROPMOVER_TXT_400035,Ninja Toad,Ninja Toad
PROPMOVER_TXT_400036,Steambot,Steambot
PROPMOVER_TXT_400037,White Lion,White Lion
PROPMOVER_TXT_400038,Phio,Phio
PROPMOVER_TXT_400242,Black Anniversary Cat,Black Anniversary Cat
PROPMOVER_TXT_400243,Purple Anniversary Cat,Purple Anniversary Cat
PROPMOVER_TXT_400244,Pink Anniversary Cat,Pink Anniversary Cat
PROPMOVER_TXT_400245,Green Anniversary Cat,Green Anniversary Cat
PROPMOVER_TXT_400246,Cyan Anniversary Cat,Cyan Anniversary Cat
PROPMOVER_TXT_400247,Blue Anniversary Cat,Blue Anniversary Cat
PROPMOVER_TXT_400248,White Anniversary Cat,White Anniversary Cat
PROPMOVER_TXT_400249,Lord Trangfoma,Lord Trangfoma
PROPMOVER_TXT_400250,Shadow of Clockworks,Shadow of Clockworks
PROPMOVER_TXT_400251,Blue Magical Toad,Blue Magical Toad
PROPMOVER_TXT_400252,Pink Magical Toad,Pink Magical Toad
PROPMOVER_TXT_400253,Orange Magical Toad,Orange Magical Toad
PROPMOVER_TXT_400254,Green Magical Toad,Green Magical Toad
PROPMOVER_TXT_400255,Red Magical Toad,Red Magical Toad
PROPMOVER_TXT_400256,Dark Magical Toad,Dark Magical Toad
PROPMOVER_TXT_400258,[Event] Creper,[Event] Creper
PROPMOVER_TXT_400259,[Event] Violet Creper,[Event] Violet Creper
PROPMOVER_TXT_400260,Red Earless Seal,Red Earless Seal
PROPMOVER_TXT_400261,Purple Earless Seal,Purple Earless Seal
PROPMOVER_TXT_400262,Burgundy Earless Seal,Burgundy Earless Seal
PROPMOVER_TXT_400263,Pink Earless Seal,Pink Earless Seal
PROPMOVER_TXT_400264,Orange Earless Seal,Orange Earless Seal
PROPMOVER_TXT_400265,Blue Earless Seal,Blue Earless Seal
PROPMOVER_TXT_400266,White Earless Seal,White Earless Seal
PROPMOVER_TXT_400267,Brown Butterflies,Brown Butterflies
PROPMOVER_TXT_400268,Purple Butterflies,Purple Butterflies
PROPMOVER_TXT_400269,Green Butterflies,Green Butterflies
PROPMOVER_TXT_400270,Pink Butterflies,Pink Butterflies
PROPMOVER_TXT_400271,Red Butterflies,Red Butterflies
PROPMOVER_TXT_400272,White Butterflies,White Butterflies
PROPMOVER_TXT_400273,Black Butterflies,Black Butterflies
PROPMOVER_TXT_400274,Green DJ Froggy,Green DJ Froggy
PROPMOVER_TXT_400275,Red DJ Froggy,Red DJ Froggy
PROPMOVER_TXT_400276,Purple DJ Froggy,Purple DJ Froggy
PROPMOVER_TXT_400277,Pink DJ Froggy,Pink DJ Froggy
PROPMOVER_TXT_400278,Cyan DJ Froggy,Cyan DJ Froggy
PROPMOVER_TXT_400279,Blue DJ Froggy,Blue DJ Froggy
PROPMOVER_TXT_400280,Black DJ Froggy,Black DJ Froggy
PROPMOVER_TXT_400281,Lord Demian,Lord Demian
PROPMOVER_TXT_400282,Lord Mushpang,Lord Mushpang
PROPMOVER_TXT_400283,Yellow Junior Banana Hero,Yellow Junior Banana Hero
PROPMOVER_TXT_400284,Purple Junior Banana Hero,Purple Junior Banana Hero
PROPMOVER_TXT_400285,Orange Junior Banana Hero,Orange Junior Banana Hero
PROPMOVER_TXT_400286,Blue Junior Banana Hero,Blue Junior Banana Hero
PROPMOVER_TXT_400287,Green Junior Banana Hero,Green Junior Banana Hero
PROPMOVER_TXT_400288,Pink Junior Banana Hero,Pink Junior Banana Hero
PROPMOVER_TXT_400289,White Junior Banana Hero,White Junior Banana Hero
PROPMOVER_TXT_400290,Lord Zenma,Lord Zenma
PROPMOVER_TXT_400291,[Event] Pirate ship,[Event] Pirate ship
PROPMOVER_TXT_400292,Shadowirs,Shadowirs
PROPMOVER_TXT_400293,Captain Shadowirs,Captain Shadowirs
PROPMOVER_TXT_400294,Giant Shadowirs,Giant Shadowirs
PROPMOVER_TXT_400295,Small Skelmaw,Small Skelmaw
PROPMOVER_TXT_400296,Skelmaw,Skelmaw
PROPMOVER_TXT_400297,Captain Skelmaw,Captain Skelmaw
PROPMOVER_TXT_400298,Giant Skelmaw,Giant Skelmaw
PROPMOVER_TXT_400299,Alchemy Desk,Alchemy Desk
PROPMOVER_TXT_400300,Hearth,Hearth
PROPMOVER_TXT_400301,Carpentry Workspace,Carpentry Workspace
PROPMOVER_TXT_400302,Smithing Workspace,Smithing Workspace
PROPMOVER_TXT_400303,Wandering Merchant,Wandering Merchant
PROPMOVER_TXT_400304,Small Maleficar,Small Maleficar
PROPMOVER_TXT_400305,Maleficar,Maleficar
PROPMOVER_TXT_400306,Captain Maleficar,Captain Maleficar
PROPMOVER_TXT_400307,Giant Maleficar,Giant Maleficar
PROPMOVER_TXT_400308,Small Cursed Warden,Small Cursed Warden
PROPMOVER_TXT_400309,Cursed Warden,Cursed Warden
PROPMOVER_TXT_400310,Captain Cursed Warden,Captain Cursed Warden
PROPMOVER_TXT_400311,Giant Cursed Warden,Giant Cursed Warden
PROPMOVER_TXT_400312,Small Shadowirs,Small Shadowirs
PROPMOVER_TXT_400313,Great Shadowirs,Great Shadowirs
PROPMOVER_TXT_400314,Great Skelmaw,Great Skelmaw
PROPMOVER_TXT_400315,Great Maleficar,Great Maleficar
PROPMOVER_TXT_400316,Great Cursed Warden,Great Cursed Warden
PROPMOVER_TXT_400317,Cyan Gloomie,Cyan Gloomie
PROPMOVER_TXT_400318,Green Gloomie,Green Gloomie
PROPMOVER_TXT_400319,Blue Gloomie,Blue Gloomie
PROPMOVER_TXT_400320,Purple Gloomie,Purple Gloomie
PROPMOVER_TXT_400321,Red Gloomie,Red Gloomie
PROPMOVER_TXT_400322,Gray Gloomie,Gray Gloomie
PROPMOVER_TXT_400323,Blue Medieval Horse,Blue Medieval Horse
PROPMOVER_TXT_400324,Purple Medieval Horse,Purple Medieval Horse
PROPMOVER_TXT_400325,Cyan Medieval Horse,Cyan Medieval Horse
PROPMOVER_TXT_400326,Green Medieval Horse,Green Medieval Horse
PROPMOVER_TXT_400327,Red Medieval Horse,Red Medieval Horse
PROPMOVER_TXT_400328,Black Medieval Horse,Black Medieval Horse
PROPMOVER_TXT_400329,Captain Luminfin,Captain Luminfin
PROPMOVER_TXT_400330,[Depths Guardian] Bunyip,[Depths Guardian] Bunyip
PROPMOVER_TXT_400331,[Depths Queen] Nereid,[Depths Queen] Nereid
PROPMOVER_TXT_400332,Sovann,Sovann
PROPMOVER_TXT_400333,[Shade Lieutenant] Kriton,[Shade Lieutenant] Kriton
PROPMOVER_TXT_400334,Dreadfin,Dreadfin
PROPMOVER_TXT_400335,Captain Dreadfin,Captain Dreadfin
PROPMOVER_TXT_400336,Dreadscale,Dreadscale
PROPMOVER_TXT_400337,Captain Dreadscale,Captain Dreadscale
PROPMOVER_TXT_400338,Luminfin,Luminfin
PROPMOVER_TXT_400339,Hyuna,Hyuna
PROPMOVER_TXT_400350,[Event] Christmas Aibatt,[Event] Christmas Aibatt
PROPMOVER_TXT_400351,Blue Cobra,Blue Cobra
PROPMOVER_TXT_400340,Red Christmas Gingy,Red Christmas Gingy
PROPMOVER_TXT_400341,Green Christmas Gingy,Green Christmas Gingy
PROPMOVER_TXT_400342,Pink Christmas Gingy,Pink Christmas Gingy
PROPMOVER_TXT_400343,Orange Christmas Gingy,Orange Christmas Gingy
PROPMOVER_TXT_400344,Purple Christmas Gingy,Purple Christmas Gingy
PROPMOVER_TXT_400345,Blue Christmas Gingy,Blue Christmas Gingy
PROPMOVER_TXT_400352,Green Little Snaky,Green Little Snaky
PROPMOVER_TXT_400353,Purple Little Snaky,Purple Little Snaky
PROPMOVER_TXT_400354,Pink Little Snaky,Pink Little Snaky
PROPMOVER_TXT_400355,Blue Little Snaky,Blue Little Snaky
PROPMOVER_TXT_400356,Red Little Snaky,Red Little Snaky
PROPMOVER_TXT_400357,Emerald Little Snaky,Emerald Little Snaky
PROPMOVER_TXT_400358,Black Little Snaky,Black Little Snaky
PROPMOVER_TXT_400359,Purple Frostpaw,Purple Frostpaw
PROPMOVER_TXT_400360,Yellow Frostpaw,Yellow Frostpaw
PROPMOVER_TXT_400361,Blue Frostpaw,Blue Frostpaw
PROPMOVER_TXT_400362,Green Frostpaw,Green Frostpaw
PROPMOVER_TXT_400363,Pink Frostpaw,Pink Frostpaw
PROPMOVER_TXT_400364,Red Frostpaw,Red Frostpaw
PROPMOVER_TXT_400365,White Frostpaw,White Frostpaw
PROPMOVER_TXT_400366,Black Frostpaw,Black Frostpaw
PROPMOVER_TXT_400367,Red Roaryen,Red Roaryen
PROPMOVER_TXT_400368,Purple Roaryen,Purple Roaryen
PROPMOVER_TXT_400369,Blue Roaryen,Blue Roaryen
PROPMOVER_TXT_400370,Green Roaryen,Green Roaryen
PROPMOVER_TXT_400371,White Roaryen,White Roaryen
PROPMOVER_TXT_400372,Black Roaryen,Black Roaryen
PROPMOVER_TXT_001236,Mechamochi,Mechamochi
PROPMOVER_TXT_001237,[Event] Clockworks,[Event] Clockworks
PROPMOVER_TXT_001238,Baby Pang,Baby Pang
PROPMOVER_TXT_400373,Lord Mothbee,Lord Mothbee
PROPMOVER_TXT_400374,Lord Zendros,Lord Zendros
PROPMOVER_TXT_400375,Lord Dumb Bull,Lord Dumb Bull
PROPMOVER_TXT_400376,Lord Totemia,Lord Totemia
PROPMOVER_TXT_400377,Lord Flybrigen,Lord Flybrigen
PROPMOVER_TXT_400378,Lord Neparuba,Lord Neparuba
PROPMOVER_TXT_400379,Lord Rockepeller,Lord Rockepeller
PROPMOVER_TXT_400380,Lord Longwing,Lord Longwing
PROPMOVER_TXT_400381,Lord Shuhamma,Lord Shuhamma
PROPMOVER_TXT_400382,Lord Watangka,Lord Watangka
PROPMOVER_TXT_400383,Lord Fafnir,Lord Fafnir
PROPMOVER_TXT_400384,Lord Gorruda,Lord Gorruda
PROPMOVER_TXT_400385,Lord Mammoth,Lord Mammoth
PROPMOVER_TXT_400386,Ghost of the Forgotten Lord,Ghost of the Forgotten Lord
PROPMOVER_TXT_400387,Lord Augu,Lord Augu
PROPMOVER_TXT_400388,Overlord Kraken,Overlord Kraken
PROPMOVER_TXT_400389,Lord Dorian,Lord Dorian
PROPMOVER_TXT_400390,Lord Okean,Lord Okean
PROPMOVER_TXT_400391,Lord Naga,Lord Naga
PROPMOVER_TXT_400392,Overlord Naga,Overlord Naga
PROPMOVER_TXT_400393,Overlord Meral,Overlord Meral
PROPMOVER_TXT_400394,Lord Tigar,Lord Tigar
PROPMOVER_TXT_400395,Pink Guardian Easter Bunny,Pink Guardian Easter Bunny
PROPMOVER_TXT_400396,Green Guardian Easter Bunny,Green Guardian Easter Bunny
PROPMOVER_TXT_400397,Blue Guardian Easter Bunny,Blue Guardian Easter Bunny
PROPMOVER_TXT_400398,Orange Guardian Easter Bunny,Orange Guardian Easter Bunny
PROPMOVER_TXT_400399,Purple Guardian Easter Bunny,Purple Guardian Easter Bunny
PROPMOVER_TXT_400400,Dark Guardian Easter Bunny,Dark Guardian Easter Bunny
PROPMOVER_TXT_400401,Lord Yetti,Lord Yetti
PROPMOVER_TXT_400402,Purple Pawsy,Purple Pawsy
PROPMOVER_TXT_400403,Red Pawsy,Red Pawsy
PROPMOVER_TXT_400404,Green Pawsy,Green Pawsy
PROPMOVER_TXT_400405,Blue Pawsy,Blue Pawsy
PROPMOVER_TXT_400406,Magenta Pawsy,Magenta Pawsy
PROPMOVER_TXT_400407,Lavender Pawsy,Lavender Pawsy
PROPMOVER_TXT_400408,Pink Pawsy,Pink Pawsy
PROPMOVER_TXT_400409,Gray Pawsy,Gray Pawsy
PROPMOVER_TXT_400410,Orange Flumos,Orange Flumos
PROPMOVER_TXT_400411,Purple Flumos,Purple Flumos
PROPMOVER_TXT_400412,Red Flumos,Red Flumos
PROPMOVER_TXT_400413,Blue Flumos,Blue Flumos
PROPMOVER_TXT_400414,Green Flumos,Green Flumos
PROPMOVER_TXT_400415,Yellow Flumos,Yellow Flumos
PROPMOVER_TXT_400416,White Flumos,White Flumos
PROPMOVER_TXT_400417,Black Flumos,Black Flumos
PROPMOVER_TXT_400418,Wounded Revolutionary,Wounded Revolutionary
PROPMOVER_TXT_400419,Yellow Breezy,Yellow Breezy
PROPMOVER_TXT_400420,Purple Breezy,Purple Breezy
PROPMOVER_TXT_400421,Blue Breezy,Blue Breezy
PROPMOVER_TXT_400422,Pink Breezy,Pink Breezy
PROPMOVER_TXT_400423,White Breezy,White Breezy
PROPMOVER_TXT_400424,Black Breezy,Black Breezy
PROPMOVER_TXT_400425,Blue Pawsh,Blue Pawsh
PROPMOVER_TXT_400426,Pink Pawsh,Pink Pawsh
PROPMOVER_TXT_400427,Orange Pawsh,Orange Pawsh
PROPMOVER_TXT_400428,Green Pawsh,Green Pawsh
PROPMOVER_TXT_400429,Navy Pawsh,Navy Pawsh
PROPMOVER_TXT_400430,Red Pawsh,Red Pawsh
PROPMOVER_TXT_400431,Fortune Pang,Fortune Pang
PROPMOVER_TXT_400432,Orange Marshall,Orange Marshall
PROPMOVER_TXT_400433,Green Marshall,Green Marshall
PROPMOVER_TXT_400434,Cyan Marshall,Cyan Marshall
PROPMOVER_TXT_400435,Purple Marshall,Purple Marshall
PROPMOVER_TXT_400436,Red Marshall,Red Marshall
PROPMOVER_TXT_400437,Neon Marshall,Neon Marshall
PROPMOVER_TXT_400438,Brown Strawy Jack,Brown Strawy Jack
PROPMOVER_TXT_400439,Maroon Strawy Jack,Maroon Strawy Jack
PROPMOVER_TXT_400440,Green Strawy Jack,Green Strawy Jack
PROPMOVER_TXT_400441,Purple Strawy Jack,Purple Strawy Jack
PROPMOVER_TXT_400442,Olive Strawy Jack,Olive Strawy Jack
PROPMOVER_TXT_400443,Blue Strawy Jack,Blue Strawy Jack
PROPMOVER_TXT_400444,Black Strawy Jack,Black Strawy Jack
PROPMOVER_TXT_400445,White Strawy Jack,White Strawy Jack
PROPMOVER_TXT_400446,[Event] Giant Mr. Pumpkin,[Event] Giant Mr. Pumpkin
PROPMOVER_TXT_400447,Green Frogzy,Green Frogzy
PROPMOVER_TXT_400448,Yellow Frogzy,Yellow Frogzy
PROPMOVER_TXT_400449,Pink Frogzy,Pink Frogzy
PROPMOVER_TXT_400450,Purple Frogzy,Purple Frogzy
PROPMOVER_TXT_400451,Cyan Frogzy,Cyan Frogzy
PROPMOVER_TXT_400452,Mint Green Frogzy,Mint Green Frogzy
PROPMOVER_TXT_400453,Black Frogzy,Black Frogzy
PROPMOVER_TXT_400454,White Frogzy,White Frogzy
PROPMOVER_TXT_400455,Orange Whispero,Orange Whispero
PROPMOVER_TXT_400456,Yellow Whispero,Yellow Whispero
PROPMOVER_TXT_400457,Pink Whispero,Pink Whispero
PROPMOVER_TXT_400458,Purple Whispero,Purple Whispero
PROPMOVER_TXT_400459,Blue Whispero,Blue Whispero
PROPMOVER_TXT_400460,Green Whispero,Green Whispero
PROPMOVER_TXT_400461,Black Whispero,Black Whispero
PROPMOVER_TXT_400462,White Whispero,White Whispero
PROPMOVER_TXT_400463,Green Mecha Rabbit,Green Mecha Rabbit
PROPMOVER_TXT_400464,Orange Mecha Rabbi,Orange Mecha Rabbi
PROPMOVER_TXT_400465,Red Mecha Rabbit,Red Mecha Rabbit
PROPMOVER_TXT_400466,Pink Mecha Rabbit,Pink Mecha Rabbit
PROPMOVER_TXT_400467,Purple Mecha Rabbi,Purple Mecha Rabbi
PROPMOVER_TXT_400468,Blue Mecha Rabbit,Blue Mecha Rabbit
PROPMOVER_TXT_400469,Black Mecha Rabbit,Black Mecha Rabbit
PROPMOVER_TXT_400470,White Mecha Rabbit,White Mecha Rabbit
PROPMOVER_TXT_400471,Hellhound,Hellhound
PROPMOVER_TXT_500001,Kanrang,Kanrang
PROPMOVER_TXT_500002,Mewrang,Mewrang
PROPMOVER_TXT_500003,Relgantus,Relgantus
PROPMOVER_TXT_500004,Huntrang,Huntrang
PROPMOVER_TXT_500005,Mawrang,Mawrang
PROPMOVER_TXT_500006,Cheirang,Cheirang
PROPMOVER_TXT_500007,Bato,Bato
PROPMOVER_TXT_500008,Ralbadan,Ralbadan
PROPMOVER_TXT_500009,Miorang,Miorang
PROPMOVER_TXT_500010,Ruidan,Ruidan
PROPMOVER_TXT_500011,Weevs,Weevs
PROPMOVER_TXT_500012,Small Hundur Sharpfoot,Small Hundur Sharpfoot
PROPMOVER_TXT_500013,Hundur Sharpfoot,Hundur Sharpfoot
PROPMOVER_TXT_500014,Captain Hundur Sharpfoot,Captain Hundur Sharpfoot
PROPMOVER_TXT_500015,Giant Hundur Sharpfoot,Giant Hundur Sharpfoot
PROPMOVER_TXT_500016,Violet Hundur Sharpfoot,Violet Hundur Sharpfoot
PROPMOVER_TXT_500017,Small Samoset,Small Samoset
PROPMOVER_TXT_500018,Samoset,Samoset
PROPMOVER_TXT_500019,Captain Samoset,Captain Samoset
PROPMOVER_TXT_500020,Giant Samoset,Giant Samoset
PROPMOVER_TXT_500021,Violet Samoset,Violet Samoset
PROPMOVER_TXT_500022,Small Kyouchish,Small Kyouchish
PROPMOVER_TXT_500023,Kyouchish,Kyouchish
PROPMOVER_TXT_500024,Captain Kyouchish,Captain Kyouchish
PROPMOVER_TXT_500025,Giant Kyouchish,Giant Kyouchish
PROPMOVER_TXT_500026,Violet Kyouchish,Violet Kyouchish
PROPMOVER_TXT_500027,Small Kanonicus,Small Kanonicus
PROPMOVER_TXT_500028,Kanonicus,Kanonicus
PROPMOVER_TXT_500029,Captain Kanonicus,Captain Kanonicus
PROPMOVER_TXT_500030,Giant Kanonicus,Giant Kanonicus
PROPMOVER_TXT_500031,Violet Kanonicus,Violet Kanonicus
PROPMOVER_TXT_500032,Small Mage Redcloud,Small Mage Redcloud
PROPMOVER_TXT_500033,Mage Redcloud,Mage Redcloud
PROPMOVER_TXT_500034,Captain Mage Redcloud,Captain Mage Redcloud
PROPMOVER_TXT_500035,Giant Mage Redcloud,Giant Mage Redcloud
PROPMOVER_TXT_500036,Violet Mage Redcloud,Violet Mage Redcloud
PROPMOVER_TXT_500037,Small Taiaha,Small Taiaha
PROPMOVER_TXT_500038,Taiaha,Taiaha
PROPMOVER_TXT_500039,Captain Taiaha,Captain Taiaha
PROPMOVER_TXT_500040,Giant Taiaha,Giant Taiaha
PROPMOVER_TXT_500041,Violet Taiaha,Violet Taiaha
PROPMOVER_TXT_500042,Small Hellhound,Small Hellhound
PROPMOVER_TXT_500043,Hellhound,Hellhound
PROPMOVER_TXT_500044,Captain Hellhound,Captain Hellhound
PROPMOVER_TXT_500045,Giant Hellhound,Giant Hellhound
PROPMOVER_TXT_500046,Violet Hellhound,Violet Hellhound
PROPMOVER_TXT_500047,Chief Keokuk,Chief Keokuk
PROPMOVER_TXT_500048,Monument of Death,Monument of Death
PROPMOVER_TXT_500049,[Twisted Soul] Orcus,[Twisted Soul] Orcus
PROPMOVER_TXT_500050,[Tormented Soul] Nergal,[Tormented Soul] Nergal
PROPMOVER_TXT_500051,[Demonic Soul] Hel,[Demonic Soul] Hel
PROPMOVER_TXT_500052,[Perverted Soul] Morrigan,[Perverted Soul] Morrigan
PROPMOVER_TXT_500053,[Anguished Soul] Mara,[Anguished Soul] Mara
PROPMOVER_TXT_500054,[Violent Soul] Ghed ,[Violent Soul] Ghed 
PROPMOVER_TXT_500055,[God of Death] Ankou,[God of Death] Ankou
PROPMOVER_TXT_500056,[God of Death] Blazing Ankou,[God of Death] Blazing Ankou
PROPMOVER_TXT_500057,[God of Death] Demonic Ankou,[God of Death] Demonic Ankou
PROPMOVER_TXT_500058,[Elder] Traitus,[Elder] Traitus
PROPMOVER_TXT_500059,Asylum Guard,Asylum Guard
PROPMOVER_TXT_500060,Ankou,Ankou
PROPMOVER_TXT_500061,Demonic Ankou,Demonic Ankou
PROPMOVER_TXT_500062,Blue 2025 Thanksgiving Turkey,Blue 2025 Thanksgiving Turkey
PROPMOVER_TXT_500063,Red 2025 Thanksgiving Turkey,Red 2025 Thanksgiving Turkey
PROPMOVER_TXT_500064,Green 2025 Thanksgiving Turkey,Green 2025 Thanksgiving Turkey
PROPMOVER_TXT_500065,Pink 2025 Thanksgiving Turkey,Pink 2025 Thanksgiving Turkey
PROPMOVER_TXT_500066,Black 2025 Thanksgiving Turkey,Black 2025 Thanksgiving Turkey
PROPMOVER_TXT_500067,White 2025 Thanksgiving Turkey,White 2025 Thanksgiving Turkey
PROPMOVER_TXT_500068,Red Baby Horse,Red Baby Horse
PROPMOVER_TXT_500069,Cyan Shiki Paws,Cyan Shiki Paws
PROPMOVER_TXT_500070,Green Shiki Paws,Green Shiki Paws
PROPMOVER_TXT_500071,Purple Shiki Paws,Purple Shiki Paws
PROPMOVER_TXT_500072,Blue Shiki Paws,Blue Shiki Paws
PROPMOVER_TXT_500073,White Shiki Paws,White Shiki Paws
PROPMOVER_TXT_500074,Black Shiki Paws,Black Shiki Paws
